TotalAcceleration,Orientation,Magnetometer,GyroscopeUncalibrated,MagnetometerUncalibrated,Accelerometer,Gyroscope,Gravity,Behavior,Status,bearingAccuracy_speedAccuracy_verticalAccuracy_horizontalAccuracy_speed_bearing_altitude_longitude_latitude
"[1.6780002117156982, 9.01872730255127, 4.041470050811768]","[-0.0164209995418787, -0.2910789847373962, 0.5589010119438171, 0.7762929797172546, -1.1276118755340576, -1.0702104568481443, -0.6748997569084167]","[-31.1875, -24.125, -25.5]","[0.0890292450785636, -0.2340486496686935, -0.0180641580373048]","[-77.8125, -39.0625, 10.1875]","[-0.9982999563217164, -0.0224999990314245, 0.7788999676704407]","[0.0856782123446464, -0.2082003206014633, -0.015114551410079]","[2.018199920654297, 8.603400230407715, 4.251800060272217]",right,START,"[45.0, 1.5, 15.028207778930664, 8.236000061035156, 6.388888359069824, 284.4344177246094, 2231.5910277850926, 6.6266451, 44.6085664]"
"[0.943794310092926, 9.587322235107422, 3.603886365890503]","[-0.0254340004175901, -0.2991899847984314, 0.5529069900512695, 0.7772579789161682, -1.1236248016357422, -1.06486177444458, -0.6448885202407837]","[-31.4375, -23.0, -26.0]","[-0.0307527016848325, -0.4300491213798523, -0.479686290025711]","[-78.0625, -37.9375, 9.6875]","[0.3867999911308288, 0.8852999806404114, -1.245100021362305]","[-0.0341037325561046, -0.404200792312622, -0.4767366945743561]","[2.055000066757202, 8.578100204467773, 4.285200119018555]",,,
"[-0.2110919803380966, 4.496981143951416, 9.059477806091309]","[-0.0515669994056224, -0.3101010024547577, 0.5286530256271362, 0.7884809970855713, -1.0508809089660645, -1.046442627906799, -0.5149177312850952]","[-32.125, -20.4375, -27.0]","[-0.3514220416545868, -0.6785840392112732, -1.0421011447906494]","[-78.75, -35.375, 8.6875]","[-0.6739000082015991, 0.2485999912023544, -0.9363999962806702]","[-0.3547556102275848, -0.652735710144043, -1.0391690731048584]","[2.4391000270843506, 8.489099502563477, 4.260900020599365]",,,
"[0.7339569330215454, 7.863104343414307, 5.315041542053223]","[-0.1001370027661323, -0.3327809870243072, 0.4882619976997375, 0.8005179762840271, -0.9643903374671936, -1.012903094291687, -0.3162499070167541]","[-31.4375, -18.4375, -29.0]","[-0.1780584901571273, -1.0804286003112793, -1.1859861612319946]","[-78.0625, -33.375, 6.6875]","[-1.7328999042510986, 4.9878997802734375, -5.285799980163574]","[-0.1814095228910446, -1.05456280708313, -1.183053970336914]","[2.958699941635132, 8.319600105285645, 4.265899658203125]",,,
"[1.7865629196166992, 17.5572566986084, 1.8435449600219729]","[-0.1559920012950897, -0.3656420111656189, 0.4412930011749267, 0.8045070171356201, -0.9200245141983032, -0.9686487913131714, -0.1269573271274566]","[-29.625, -16.25, -31.8125]","[-1.167956829071045, -1.1344116926193235, -1.0992257595062256]","[-76.25, -31.1875, 3.875]","[-6.316699981689453, -8.61139965057373, 7.476099967956543]","[-1.171307921409607, -1.1085633039474487, -1.0962936878204346]","[3.3648998737335205, 8.081799507141113, 4.419300079345703]",,,
"[-2.8306360244750977, 7.803383350372314, 0.997184991836548]","[-0.2361059933900833, -0.3862690031528473, 0.4028370082378387, 0.7954689860343933, -0.844316303730011, -0.967182159423828, 0.1137418672442436]","[-27.625, -15.875, -33.75]","[-0.4845732152462005, -1.2384158372879028, -0.6876073479652405]","[-74.25, -30.8125, 1.9375]","[-2.932499885559082, 5.6554999351501465, 0.6245999932289124]","[-0.4879242479801178, -1.2125500440597534, -0.6846577525138855]","[3.697399854660034, 8.073699951171875, 4.160999774932861]",,,
"[-1.3707475662231443, 15.18957233428955, 7.563177585601807]","[-0.2847689986228943, -0.4221969842910766, 0.3693810105323791, 0.7773110270500183, -0.8774298429489136, -0.9522204399108888, 0.2275330871343612]","[-24.4375, -15.375, -35.875]","[-0.5588369965553284, -0.8484569191932678, -0.7315024137496948]","[-71.0625, -30.3125, -0.1875]","[-8.390600204467773, 1.2482999563217163, 6.217599868774414]","[-0.5621880292892456, -0.8226085901260376, -0.7285702228546143]","[3.634399890899658, 7.989499568939209, 4.373499870300293]",,,
"[0.7853460907936096, 9.203924179077148, 1.1543691158294678]","[-0.3523519933223724, -0.4208529889583587, 0.3514429926872253, 0.7584310173988342, -0.7752288579940796, -0.9785115122795104, 0.4417309463024139]","[-22.125, -17.5625, -35.9375]","[-0.0795870125293731, -0.764454185962677, -0.3073001205921173]","[-68.75, -32.5, -0.25]","[-1.1643999814987185, 3.131500005722046, 0.3753999769687652]","[-0.0829380452632904, -0.7385884523391724, -0.3043679594993591]","[3.9103000164031982, 8.136199951171875, 3.831499814987183]",,,
"[-1.9574322700500488, 6.181924343109131, 7.649915218353271]","[-0.3818019926548004, -0.4440790116786957, 0.3283010125160217, 0.7411059737205505, -0.8073402047157288, -0.9714636206626892, 0.5078729391098022]","[-20.3125, -17.125, -37.9375]","[-0.167045459151268, -0.4347615242004394, -0.5575454235076904]","[-66.9375, -32.0625, -2.25]","[-1.5397999286651611, 4.209799766540527, 1.926699995994568]","[-0.1703964918851852, -0.4089131951332092, -0.5545958280563354]","[3.8248000144958496, 8.097399711608887, 3.9963998794555664]",,,
"[-3.023579835891724, 5.522580623626709, 9.652521133422852]","[-0.4201569855213165, -0.4562290012836456, 0.2996340095996856, 0.7249419689178467, -0.7922093868255615, -0.9575955271720886, 0.6229870319366455]","[-18.625, -18.3125, -37.875]","[0.305799126625061, -0.1027300804853439, -0.2485523372888565]","[-65.25, -33.25, -2.1875]","[-1.1094999313354492, 2.845700025558472, -1.4580999612808228]","[0.3024480938911438, -0.0768817514181137, -0.2456201910972595]","[3.963299989700317, 8.019899368286133, 4.017699718475342]",,,
"[-0.8425482511520386, 5.415454387664795, 9.547319412231444]","[-0.426580011844635, -0.466958999633789, 0.2817789912223816, 0.7215110063552856, -0.819170355796814, -0.9356822371482848, 0.6360315680503845]","[-18.25, -17.0625, -38.375]","[-0.2756049335002899, -0.1176700964570045, -0.2475749552249908]","[-64.875, -32.0, -2.6875]","[-2.040699958801269, 3.481299877166748, -2.73039984703064]","[-0.2789559662342071, -0.0918217748403549, -0.2446253448724746]","[3.972599983215332, 7.894399642944336, 4.250400066375732]",,,"[45.0, 1.5, 13.619205474853516, 8.036999702453613, 6.708764553070068, 299.7030944824219, 2230.7466323897243, 6.6265652, 44.6085949]"
"[-1.6418956518173218, 1.5214481353759766, 12.213043212890623]","[-0.4346500039100647, -0.4705150127410888, 0.2722310125827789, 0.7180410027503967, -0.8208006620407104, -0.927236557006836, 0.6602487564086914]","[-17.625, -16.9375, -38.75]","[0.0253247264772653, -0.1782679259777069, -0.1588249653577804]","[-64.25, -31.875, -3.0625]","[1.000100016593933, 9.904999732971191, -8.012499809265137]","[0.0219736956059932, -0.1524195969104766, -0.1558928042650222]","[4.01099967956543, 7.844899654388428, 4.305500030517578]",,,
"[0.7107523083686829, 10.19798755645752, 2.434558391571045]","[-0.4539349973201751, -0.4653230011463165, 0.2692149877548218, 0.7105900049209595, -0.7793187499046326, -0.9357694387435912, 0.7277279496192932]","[-16.75, -16.875, -39.125]","[0.887848973274231, -0.7020238041877747, 0.0298974905163049]","[-63.375, -31.8125, -3.4375]","[1.3925999402999878, 1.0584999322891235, -0.7834999561309814]","[0.8844979405403137, -0.6761580109596252, 0.0328470952808856]","[4.138299942016602, 7.894899845123291, 4.088299751281738]",,,
"[4.76780366897583, 11.65250301361084, 5.037649631500244]","[-0.4396739900112152, -0.4740839898586273, 0.2575750052928924, 0.7180429697036743, -0.8272579312324524, -0.9055821895599364, 0.6780786514282227]","[-17.9375, -16.6875, -39.0]","[-0.1883384734392166, 0.0781732946634292, -0.1716880351305008]","[-64.5625, -31.625, -3.3125]","[-1.576799988746643, 6.4253997802734375, -3.307999849319458]","[-0.1916895061731338, 0.1040216237306594, -0.1687558889389038]","[4.0971999168396, 7.715699672698975, 4.455399990081787]",right,STOP,
"[3.247265338897705, 10.089088439941406, -0.488235205411911]","[-0.4412010014057159, -0.4641770124435425, 0.2645480036735534, 0.721036970615387, -0.7932955026626587, -0.9125863313674928, 0.6927165389060974]","[-18.375, -17.625, -37.9375]","[0.0981573164463043, 0.2779785990715027, 0.0206123385578393]","[-65.0, -32.5625, -2.25]","[-1.177799940109253, 3.284299850463867, -3.2747998237609863]","[0.094806283712387, 0.3038269281387329, 0.0235444922000169]","[4.208099842071533, 7.757899761199951, 4.275099754333496]",left,START,
"[1.685604214668274, 12.413352012634276, -0.2651530504226684]","[-0.4184859991073608, -0.4626699984073639, 0.2714119851589203, 0.7328979969024658, -0.8156228065490723, -0.9028195142745972, 0.6247194409370422]","[-19.25, -16.5, -37.9375]","[-0.0205076187849044, 0.5896245837211609, 0.2032261341810226]","[-65.875, -31.4375, -2.25]","[-4.055399894714356, 1.1171000003814695, 3.520399808883667]","[-0.0238586515188217, 0.6154729127883911, 0.2061757445335388]","[4.163300037384033, 7.698899745941162, 4.4228997230529785]",,,
"[0.6615083813667297, 4.871683120727539, 4.993921756744385]","[-0.4091460108757019, -0.4541079998016357, 0.2908200025558471, 0.7360759973526001, -0.7996746301651001, -0.9268357157707214, 0.5983971953392029]","[-19.75, -16.6875, -37.875]","[0.0680852904915809, 0.141633465886116, 0.5166348814964294]","[-66.375, -31.625, -2.1875]","[-3.122599840164185, -4.782899856567383, 0.9361000061035156]","[0.0647342652082443, 0.1674817949533462, 0.51956707239151]","[4.1031999588012695, 7.842599868774414, 4.222099781036377]",,,
"[3.522857189178467, 10.237003326416016, 2.957116842269897]","[-0.3796150088310241, -0.4642120003700256, 0.3061040043830871, 0.7393900156021118, -0.8718766570091248, -0.9358510971069336, 0.4862390160560608]","[-19.5625, -15.5, -37.25]","[0.4449367821216583, 0.2441017478704452, 0.6778160929679871]","[-66.1875, -30.4375, -1.5625]","[-0.9277999997138976, -0.7953000068664551, 2.450999975204468]","[0.4415857493877411, 0.2699500620365143, 0.6807482242584229]","[3.742299795150757, 7.895399570465088, 4.4527997970581055]",,,
"[4.101985931396484, 13.03365993499756, -1.4771554470062256]","[-0.335781991481781, -0.4720560014247894, 0.3336679935455322, 0.7436910271644592, -0.9642608761787416, -0.94981449842453, 0.3225202560424804]","[-19.875, -17.3125, -37.0]","[-0.2421644330024719, 0.9231221079826356, 0.8519824743270874]","[-66.75, -31.8125, -1.5625]","[-2.4384000301361084, 1.9679999351501465, -1.0889999866485596]","[-0.2455154657363891, 0.94898784160614, 0.8549146056175232]","[3.2523999214172363, 7.975799560546875, 4.687999725341797]",,,
"[3.2072534561157227, 6.658313274383545, 2.3965096473693848]","[-0.2958959937095642, -0.4562169909477234, 0.3871780037879944, 0.744583010673523, -1.0081987380981443, -1.0094850063323977, 0.1648725420236587]","[-20.6875, -20.3125, -35.0625]","[-0.0871442928910255, 1.007351636886597, 1.5865217447280884]","[-67.5625, -34.8125, 0.375]","[0.4714999794960022, -2.00600004196167, -1.0223000049591064]","[-0.0904953181743621, 1.0332000255584717, 1.589453935623169]","[2.784199953079224, 8.301899909973145, 4.41540002822876]",,,
"[7.0210442543029785, 14.209089279174805, 1.137648105621338]","[-0.2526929974555969, -0.439846009016037, 0.4507850110530853, 0.7344890236854553, -1.1119320392608645, -1.0853897333145142, -0.0543629489839077]","[-20.875, -23.375, -33.5625]","[0.2065946161746978, 0.7949625849723816, 1.2938125133514404]","[-67.75, -37.875, 1.875]","[0.856499969959259, -0.0242999996989965, 1.2228000164031982]","[0.2032435834407806, 0.8208109140396118, 1.296744704246521]","[2.02649998664856, 8.673799514770508, 4.102099895477295]",,,"[45.0, 1.5, 10.251901626586914, 7.24399995803833, 7.374924182891846, 328.5567626953125, 2229.659937570803, 6.6265031, 44.6086471]"
"[3.470625162124634, 9.649964332580566, 4.206890106201172]","[-0.2154809981584549, -0.426950991153717, 0.4867590069770813, 0.7309889793395996, -1.1990786790847778, -1.1098469495773315, -0.2281817346811294]","[-22.0625, -24.125, -33.0625]","[-0.2948733866214752, 0.13110913336277, -0.8203047513961792]","[-68.9375, -38.625, 2.375]","[3.3581998348236084, 1.8276000022888184, -0.2295999974012375]","[-0.2982244193553924, 0.1569574624300003, -0.8173726201057434]","[1.584299921989441, 8.783100128173828, 4.064000129699707]",,,
"[3.567168951034546, 10.389591217041016, 0.7720917463302612]","[-0.2157910019159317, -0.3950220048427582, 0.4909810125827789, 0.7458739876747131, -1.0715521574020386, -1.126478910446167, -0.1541338264942169]","[-24.0625, -25.5, -30.875]","[0.2695137560367584, 0.8504640460014343, 0.7977725267410278]","[-70.9375, -40.0, 4.5625]","[0.7178999781608582, -1.9112999439239504, 0.3786999881267547]","[0.266180157661438, 0.8763123750686646, 0.8007047176361084]","[2.0179998874664307, 8.854399681091309, 3.700699806213379]",,,
"[4.647279739379883, 5.396387100219727, 4.638277530670166]","[-0.1680859923362732, -0.3823969960212707, 0.5280259847640991, 0.7393959760665894, -1.202052116394043, -1.1418193578720093, -0.3825564086437225]","[-23.125, -27.0, -29.75]","[0.478586733341217, 0.8351923823356628, 1.077548861503601]","[-70.0, -41.5, 5.6875]","[0.1379999965429306, 2.114300012588501, -0.4409999847412109]","[0.4752357006072998, 0.8610407114028931, 1.080480933189392]","[1.4701999425888062, 8.918099403381348, 3.804699897766113]",,,
"[2.063035726547241, 5.477377891540527, 4.992140769958496]","[-0.0987780019640922, -0.3735359907150268, 0.5727739930152893, 0.7229400277137756, -1.4201620817184448, -1.1242797374725342, -0.7210603952407837]","[-22.375, -28.1875, -29.375]","[0.4293160736560821, 1.467856764793396, 2.2304086685180664]","[-69.25, -42.6875, 6.0625]","[-0.1450999975204467, -5.805099964141846, 1.9128999710083008]","[0.4259650409221649, 1.493705153465271, 2.2333407402038574]","[0.6353999972343445, 8.845099449157715, 4.186699867248535]",,,
"[-3.9663493633270255, 25.50516128540039, 3.2619082927703857]","[0.004127999767661, -0.347705990076065, 0.6252970099449158, 0.6986309885978699, -1.6192139387130735, -1.0568944215774536, -1.1113885641098022]","[-21.625, -30.1875, -28.1875]","[-0.4748866260051727, 0.9537875056266784, 1.4322869777679443]","[-68.5, -44.6875, 7.25]","[3.969599962234497, -5.7841997146606445, 5.933000087738037]","[-0.4782376587390899, 0.9796358346939088, 1.435236573219299]","[-0.2333000004291534, 8.539899826049805, 4.815000057220459]",,,
"[5.370462417602539, 8.510993957519531, 4.782092094421387]","[0.025433000177145, -0.3103390038013458, 0.6493769884109497, 0.6937950253486633, -1.6482881307601929, -1.0871028900146484, -1.2302556037902832]","[-22.875, -31.375, -26.6875]","[0.4580965638160705, 0.4667359590530395, 0.3773401975631714]","[-69.75, -45.875, 8.75]","[1.9220999479293823, 12.853699684143066, -8.028200149536133]","[0.4547455310821533, 0.4925842583179474, 0.3802723288536072]","[-0.3529999852180481, 8.681599617004395, 4.546899795532227]",,,
"[0.003236960619688, 1.6193326711654663, 10.542895317077637]","[0.0504419989883899, -0.3159820139408111, 0.6650850176811218, 0.6747379899024963, -1.7401106357574463, -1.0464247465133667, -1.348800778388977]","[-21.1875, -32.5, -26.75]","[-0.3594505488872528, -0.9652369022369384, 0.6213372349739075]","[-68.0625, -47.0, 8.6875]","[2.3767998218536377, -8.077099800109863, -12.822199821472168]","[-0.36280158162117, -0.9393711090087892, 0.6242868304252625]","[-0.827299952507019, 8.488999366760254, 4.839600086212158]",,,
"[-1.4540274143218994, 6.176935195922852, 9.791259765625]","[0.0531870014965534, -0.2959850132465362, 0.6814209818840027, 0.6672539710998535, -1.7894631624221802, -1.071410059928894, -1.4332247972488403]","[-20.875, -34.0, -24.9375]","[-0.0967435985803604, 0.7936012148857117, 0.4568224847316742]","[-67.75, -48.5, 10.5]","[-0.6875, 14.407099723815918, -7.496999740600586]","[-0.1000946313142776, 0.8194495439529419, 0.4597720801830292]","[-1.0187000036239624, 8.609000205993652, 4.584399700164795]",,,
"[3.71336841583252, 2.2959628105163574, 5.319925785064697]","[0.0743829980492591, -0.2520850002765655, 0.7043970227241516, 0.6593509912490845, -1.8374814987182613, -1.1003985404968262, -1.5783332586288452]","[-21.0625, -36.0, -22.0]","[-0.0296182371675968, 0.0035953782498836, 0.4440117478370666]","[-67.9375, -50.5, 13.4375]","[5.456799983978272, 2.506599903106689, -6.562699794769287]","[-0.032969269901514, 0.0294437035918235, 0.446961373090744]","[-1.171299934387207, 8.741499900817871, 4.287600040435791]",,,
"[7.011917591094971, 24.68045425415039, 1.8521353006362915]","[0.0883300006389617, -0.2341929972171783, 0.712785005569458, 0.6552000045776367, -1.8537007570266724, -1.1032146215438845, -1.6412509679794312]","[-20.4375, -36.25, -22.125]","[0.2634574472904205, 0.4009893834590912, 0.0108559476211667]","[-67.3125, -50.75, 13.3125]","[6.60789966583252, 5.259599685668945, 2.345599889755249]","[0.2601064145565033, 0.4268377125263214, 0.0138055542483925]","[-1.233799934387207, 8.753999710083008, 4.244400024414063]",,,"[45.0, 1.5, 12.886311531066896, 6.76200008392334, 5.962120056152344, 326.1690979003906, 2229.1630274914205, 6.6264591, 44.6087017]"
"[7.029059886932373, 10.044854164123535, 8.160828590393066]","[0.0722419992089271, -0.2191890031099319, 0.7133020162582397, 0.6617670059204102, -1.852277994155884, -1.1491347551345823, -1.6393555402755735]","[-22.625, -37.125, -20.0]","[0.5467069149017334, 0.4872784614562988, -0.7298268675804138]","[-69.5, -51.625, 15.4375]","[0.4381999969482422, 9.714300155639648, -0.1094999983906745]","[0.5433558821678162, 0.513126790523529, -0.7268772721290588]","[-1.11489999294281, 8.947699546813965, 3.855599880218506]",,,
"[1.7604373693466189, 7.90825891494751, 4.411642074584961]","[0.0823599994182586, -0.2028229981660843, 0.6965309977531433, 0.683318018913269, -1.7041738033294678, -1.1642584800720217, -1.5300122499465942]","[-24.3125, -36.375, -18.6875]","[-0.3875678181648254, 0.4061555564403534, 0.2322858721017837]","[-71.1875, -50.875, 16.75]","[3.4477999210357666, -0.7892999649047852, 5.8454999923706055]","[-0.3909188508987427, 0.4320038855075836, 0.2352354824542999]","[-0.5155999660491943, 9.007299423217772, 3.843400001525879]",,,
"[-1.516631007194519, -3.4781813621521, -2.707564353942871]","[0.1056500002741813, -0.1756760030984878, 0.7078920006752014, 0.6759160161018372, -1.734526753425598, -1.1676487922668457, -1.633405327796936]","[-23.9375, -37.5625, -16.0]","[-1.1131709814071655, 0.620848536491394, -0.2268753498792648]","[-70.8125, -52.0625, 19.4375]","[0.8330000042915344, -4.097499847412109, -4.354700088500977]","[-1.1165220737457275, 0.6466968655586243, -0.2239431887865066]","[-0.6270999908447266, 9.020400047302246, 3.795799970626831]",,,
"[1.7955938577651978, 11.078210830688477, 3.640738010406494]","[0.1399019956588745, -0.1489930003881454, 0.7082840204238892, 0.6756929755210876, -1.689699649810791, -1.1566897630691528, -1.6765623092651367]","[-23.875, -38.5625, -15.375]","[-0.3573037981986999, -0.050108402967453, 0.4061555564403534]","[-70.75, -53.0625, 20.0625]","[7.018899917602539, -4.750999927520752, 2.6915998458862305]","[-0.3606373965740204, -0.0242600757628679, 0.4091051816940307]","[-0.4679999947547912, 8.977700233459473, 3.9179999828338623]",,,
"[4.585461616516113, 9.16411304473877, 2.575002193450928]","[0.1457629948854446, -0.1359940022230148, 0.7119330167770386, 0.6733570098876953, -1.6998096704483032, -1.1658520698547363, -1.7139133214950562]","[-24.9375, -37.8125, -14.625]","[-0.3069336116313934, 0.4817806780338287, -0.7600908875465393]","[-71.8125, -52.3125, 20.8125]","[0.4773999750614166, 9.29539966583252, -2.7035999298095703]","[-0.3102846443653106, 0.5076290369033813, -0.7571587562561035]","[-0.496999979019165, 9.013500213623049, 3.831300020217896]",,,
"[3.286128044128418, 9.753202438354492, 0.6300198435783386]","[0.1422300040721893, -0.1292729973793029, 0.6846299767494202, 0.7030929923057556, -1.4935581684112549, -1.1835278272628784, -1.5122313499450684]","[-28.625, -35.75, -13.5625]","[-0.4873831868171692, -0.077719509601593, -0.9457764625549316]","[-75.5, -50.25, 21.875]","[1.2832999229431152, -4.657599925994873, 1.455899953842163]","[-0.4907167851924896, -0.051871184259653, -0.9428443312644958]","[0.2856999933719635, 9.080399513244627, 3.692499876022339]",,,
"[2.269272327423096, 7.14016056060791, 7.909101486206055]","[0.1324310004711151, -0.1317179948091507, 0.6599239706993103, 0.7277439832687378, -1.3189581632614136, -1.182681918144226, -1.3199857473373413]","[-30.125, -34.25, -14.375]","[0.4772602915763855, -0.0201585534960031, 0.1729272156953811]","[-77.0, -48.75, 21.0625]","[3.605899810791016, 3.180999994277954, -4.829799652099609]","[0.4739092588424682, 0.0056723202578723, 0.1758593767881393]","[0.9246999621391296, 9.077199935913086, 3.594099998474121]",,,
"[2.404975652694702, 8.74726390838623, 5.34194278717041]","[0.1465039998292923, -0.1378819942474365, 0.661454975605011, 0.722495973110199, -1.35312819480896, -1.1564921140670776, -1.3655879497528076]","[-29.4375, -34.6875, -14.5625]","[0.1621759980916977, 0.1577428579330444, 0.161233514547348]","[-76.3125, -49.1875, 20.875]","[1.6579999923706057, 0.8295999765396118, -1.3537999391555786]","[0.1588249653577804, 0.1835911870002746, 0.1641656756401062]","[0.852400004863739, 8.976900100708008, 3.8544998168945312]",,,
"[5.192659854888916, 8.690300941467285, 4.31693696975708]","[0.1620229929685592, -0.124888002872467, 0.6632639765739441, 0.7198830246925354, -1.3491158485412598, -1.154209852218628, -1.402799367904663]","[-29.4375, -35.0625, -13.625]","[-0.1008974835276603, 0.3129898905754089, -0.006754423957318]","[-76.3125, -49.5625, 21.8125]","[4.913399696350098, 1.7898999452590942, 0.3752000033855438]","[-0.1042485162615776, 0.3388556838035583, -0.0038222710136324]","[0.8723999857902527, 8.967899322509766, 3.870999813079834]",,,
"[3.535871982574463, 8.462899208068848, 5.041154384613037]","[0.16907799243927, -0.1084939986467361, 0.6571139693260193, 0.7265269756317139, -1.281988263130188, -1.1633459329605105, -1.3695040941238403]","[-30.0, -34.6875, -11.75]","[-0.2161764800548553, -0.0322536826133728, -0.4863010942935943]","[-76.875, -49.1875, 23.6875]","[2.8157999515533447, -3.060999870300293, -0.3711999952793121]","[-0.2195275127887725, -0.0064053582027554, -0.483351469039917]","[1.1066999435424805, 9.003799438476562, 3.725099802017212]",,,"[45.0, 1.5, 17.210622787475586, 6.89900016784668, 5.02952241897583, 312.3422546386719, 2228.4281249074265, 6.6264153, 44.6087411]"
"[4.202466011047363, 6.114973068237305, 5.841660499572754]","[0.1576260030269622, -0.1072750017046928, 0.6409800052642822, 0.7434980273246765, -1.165186882019043, -1.1663389205932615, -1.2378911972045898]","[-32.25, -33.375, -12.625]","[0.0094771375879645, -0.4823217391967773, -0.5966582298278809]","[-79.125, -47.875, 22.8125]","[1.8310999870300293, 1.5756999254226685, 0.729699969291687]","[0.0061261057853698, -0.4564734101295471, -0.5937260985374451]","[1.5225999355316162, 9.015399932861328, 3.5458998680114746]",,,
"[2.405492782592773, 7.374974727630615, 5.879450798034668]","[0.1443250030279159, -0.1296810060739517, 0.6277779936790466, 0.7538210153579712, -1.1290539503097534, -1.1409554481506348, -1.1502517461776731]","[-33.0625, -31.5, -13.75]","[0.0843168571591377, -0.2871066629886627, -0.1637991517782211]","[-79.9375, -46.0, 21.6875]","[0.8711999654769897, -0.6279000043869019, 1.0715999603271484]","[0.0809832736849784, -0.2612583339214325, -0.1608669906854629]","[1.746999979019165, 8.91450023651123, 3.694299936294556]",,,
"[5.590116024017334, 11.176506996154783, 4.564133644104004]","[0.1416710019111633, -0.1336670070886612, 0.6223350167274475, 0.7581290006637573, -1.1068092584609983, -1.1331387758255005, -1.1184052228927612]","[-33.5, -31.375, -13.125]","[0.2646791934967041, -0.0771261006593704, -0.0537910461425781]","[-80.375, -45.875, 22.3125]","[2.915799856185913, 4.032899856567383, -0.8335999846458435]","[0.2613281607627868, -0.0512777715921402, -0.0508588925004005]","[1.8598999977111816, 8.882299423217773, 3.716799974441528]",left,STOP,
"[2.987896680831909, 12.060532569885254, 3.2972657680511475]","[0.1426409929990768, -0.137046992778778, 0.6163619756698608, 0.7622129917144775, -1.0860549211502075, -1.1209206581115725, -1.0941705703735352]","[-33.75, -30.0, -13.0]","[-0.4235739409923553, 0.0033335788175463, -0.48373544216156]","[-80.625, -44.5, 22.4375]","[1.4648000001907349, -0.8481999635696411, 1.7870999574661257]","[-0.4269075393676758, 0.0291819050908088, -0.4807858467102051]","[1.9871000051498413, 8.830900192260742, 3.773099899291992]",right,START,
"[3.8898115158081055, 10.603641510009766, 3.42578673362732]","[0.1359719932079315, -0.1305159926414489, 0.6053640246391296, 0.7733110189437866, -1.0044889450073242, -1.1215537786483765, -1.0124037265777588]","[-34.8125, -29.4375, -12.625]","[-0.3457322716712951, -0.0727278664708137, -0.5206840634346008]","[-81.6875, -43.9375, 22.8125]","[0.411899983882904, 1.6201999187469482, 0.4756999909877777]","[-0.3490833044052124, -0.0468620918691158, -0.517751932144165]","[2.284899950027466, 8.833600044250488, 3.593899965286255]",,,
"[3.232469320297241, -0.4360415935516357, 6.056784152984619]","[0.1149680018424987, -0.1228130012750625, 0.58576899766922, 0.7928259968757629, -0.8600453734397888, -1.1211172342300415, -0.8486643433570862]","[-36.0, -28.0, -12.1875]","[0.2733185589313507, -0.2958507537841797, -0.3279473781585693]","[-82.875, -42.5, 23.25]","[2.8773999214172363, 2.632200002670288, 0.2604999840259552]","[0.2699675261974334, -0.2700024247169494, -0.3250152170658111]","[2.780900001525879, 8.83169937133789, 3.2304999828338623]",,,
"[1.86701762676239, 9.48442840576172, 5.617151260375977]","[0.1178819984197616, -0.1421480029821396, 0.5785070061683655, 0.794497013092041, -0.895321249961853, -1.0880659818649292, -0.8599777221679688]","[-35.5, -27.4375, -14.875]","[0.4477816820144653, -0.3074048459529876, 0.2381501793861389]","[-82.375, -41.9375, 20.5625]","[-0.2965999841690063, 1.7874000072479248, 2.066499948501587]","[0.4444480836391449, -0.2815565168857574, 0.2410823255777359]","[2.846299886703491, 8.685999870300293, 3.5525999069213867]",,,
"[1.7616440057754517, 9.041223526000977, 3.983750581741333]","[0.1250319927930832, -0.1574289947748184, 0.5847389698028564, 0.7859150171279907, -0.9755420088768004, -1.0753213167190552, -0.9282785654067992]","[-35.25, -27.375, -15.75]","[0.0989950746297836, -0.1316327303647995, -0.0883660167455673]","[-82.125, -41.875, 19.6875]","[-1.3198000192642212, 0.4535999894142151, -1.8109999895095823]","[0.0956440418958664, -0.1057669520378112, -0.0854164138436317]","[2.614300012588501, 8.627299308776855, 3.860599994659424]",,,
"[2.2755067348480225, 10.858537673950195, 1.222939133644104]","[0.1220230013132095, -0.1619160026311874, 0.581574022769928, 0.7878220081329346, -0.9717039465904236, -1.0692468881607056, -0.9134568572044371]","[-35.125, -27.125, -16.0625]","[-0.1075646430253982, -0.2816961407661438, -0.2246238738298416]","[-82.0, -41.625, 19.375]","[0.9501000046730042, 0.3840000033378601, -1.1969000101089478]","[-0.1109156757593154, -0.2558478116989136, -0.2216917276382446]","[2.658599853515625, 8.598799705505371, 3.893699884414673]",,,
"[1.400962233543396, 9.162016868591309, 3.185265064239502]","[0.1154979988932609, -0.1740420013666153, 0.576026976108551, 0.7902920246124268, -0.9765338897705078, -1.055721879005432, -0.8908904194831848]","[-36.0625, -26.4375, -17.3125]","[-0.098977617919445, -0.2159495949745178, -0.3081727921962738]","[-82.9375, -40.9375, 18.125]","[-0.8413999676704407, 0.0366999991238117, 0.2829000055789947]","[-0.1023286506533622, -0.1901012659072876, -0.3052406311035156]","[2.704699993133545, 8.534299850463867, 4.002500057220459]",,,"[45.0, 1.5, 17.842571258544922, 7.181000232696533, 3.8298633098602295, 281.9784851074219, 2227.531059998088, 6.6263687, 44.6087585]"
"[2.6927011013031006, 9.075509071350098, 3.910583734512329]","[0.097409002482891, -0.1809660047292709, 0.5629739761352539, 0.800512969493866, -0.9255882501602172, -1.0473078489303589, -0.8031779527664185]","[-36.875, -24.375, -17.6875]","[0.0745953693985939, -0.5583133697509766, -0.5092172622680664]","[-83.75, -38.875, 17.75]","[-1.2906999588012695, 2.2939000129699707, -2.2888998985290527]","[0.0712443366646766, -0.5324650406837463, -0.5062676668167114]","[2.947999954223633, 8.49329948425293, 3.916799783706665]",,,
"[-0.5040081739425659, 3.3765809535980225, 6.759501934051514]","[0.0722389966249466, -0.2006279975175857, 0.5434460043907166, 0.8119080066680908, -0.8879782557487488, -1.0226078033447266, -0.6990877389907837]","[-36.875, -22.6875, -18.75]","[-0.3210358619689941, -0.5658881068229675, -0.6199409365653992]","[-83.75, -37.1875, 16.6875]","[-1.6261999607086182, -3.515299797058105, 2.478099822998047]","[-0.3243868947029114, -0.5400397777557373, -0.6169913411140442]","[3.2246999740600586, 8.369599342346191, 3.964799880981445]",,,
"[0.4640824794769287, 10.51386833190918, 4.427070140838623]","[0.0389739982783794, -0.2292609959840774, 0.5221419930458069, 0.8205410242080688, -0.8729977607727051, -0.9954565167427064, -0.5914301872253418]","[-36.6875, -21.1875, -20.5]","[-0.6826331615447998, -0.767264187335968, -0.8591034412384033]","[-83.5625, -35.6875, 14.9375]","[-0.5748000144958496, 3.4223999977111816, 0.1868999898433685]","[-0.6859667301177979, -0.7414158582687378, -0.8561712503433228]","[3.428499937057495, 8.227799415588379, 4.088699817657471]",,,
"[7.066859722137451, 13.482927322387695, -1.2984905242919922]","[-0.017340000718832, -0.2509590089321136, 0.4946590065956116, 0.8318830132484436, -0.8054174184799194, -0.9821626543998718, -0.4062939882278442]","[-36.25, -18.0625, -22.9375]","[0.240715816617012, -1.62118399143219, -1.1445695161819458]","[-83.125, -32.5625, 12.5]","[-3.644699811935425, -2.811499834060669, -8.898300170898438]","[0.2373647838830948, -1.595335602760315, -1.1416198015213013]","[3.772199869155884, 8.15619945526123, 3.926399946212769]",,,
"[-2.985023736953736, 8.905242919921875, -5.742166996002197]","[-0.0810649991035461, -0.2929500043392181, 0.4538500010967254, 0.8376320004463196, -0.7863398194313049, -0.9404349327087402, -0.2225616872310638]","[-34.625, -14.875, -27.0625]","[-0.5232846140861511, -1.0109645128250122, -0.4030838012695312]","[-81.5, -29.375, 8.375]","[-2.72029995918274, 1.1686999797821045, 15.404399871826172]","[-0.5266356468200684, -0.9850987195968628, -0.400151640176773]","[4.083399772644043, 7.921899795532227, 4.09119987487793]",,,
"[2.819909811019897, 11.50477123260498, 2.3843088150024414]","[-0.1159399971365928, -0.3341020047664642, 0.4323799908161163, 0.8294450044631958, -0.8450030088424683, -0.9185830354690552, -0.1598145961761474]","[-32.375, -14.625, -29.5]","[-0.4346219003200531, -0.5712811946868896, -0.2162637412548065]","[-79.25, -29.125, 5.9375]","[-4.107399940490723, 1.3655999898910522, 3.432499885559082]","[-0.4379554688930511, -0.5454328656196594, -0.2133315950632095]","[3.950500011444092, 7.793699741363525, 4.451999664306641]",,,
"[3.099504947662353, 6.528461456298828, 6.25574254989624]","[-0.1468079984188079, -0.3466759920120239, 0.4267559945583343, 0.8222770094871521, -0.8441663384437561, -0.9333410859107972, -0.0916318520903587]","[-31.625, -15.625, -30.375]","[-0.2375916689634323, -0.8403411507606506, -0.4061032235622406]","[-78.5, -30.125, 5.0625]","[-2.6712000370025635, -4.507199764251709, -0.2825999855995178]","[-0.2409427016973495, -0.8144753575325012, -0.4031710624694824]","[3.877399921417236, 7.880699634552002, 4.362199783325195]",,,
"[1.1647120714187622, 9.508160591125488, 11.371807098388672]","[-0.1789900064468383, -0.3793399930000305, 0.4131349921226501, 0.8083199858665466, -0.8979560732841492, -0.9334651231765748, -0.0404694937169551]","[-27.875, -14.4375, -33.375]","[-0.1815316975116729, -1.339697241783142, -0.5393067598342896]","[-74.75, -28.9375, 2.0625]","[-1.4987999200820925, 3.1803998947143555, -3.867299795150757]","[-0.1848827302455902, -1.3138489723205566, -0.5363571047782898]","[3.636600017547608, 7.881399631500244, 4.563600063323975]",,,
"[1.6639032363891602, 6.389683723449707, 2.3426401615142822]","[-0.237646996974945, -0.4071159958839416, 0.3873699903488159, 0.7922899723052979, -0.8965747952461243, -0.9395938515663148, 0.1038300767540931]","[-25.625, -14.1875, -35.0625]","[-0.1694191098213195, -1.225482940673828, -1.0155198574066162]","[-72.5, -28.6875, 0.375]","[-4.740499973297119, 1.506999969482422, -3.844099998474121]","[-0.1727701425552368, -1.1996345520019531, -1.0125702619552612]","[3.6126999855041504, 7.917099952697754, 4.5208001136779785]",,,
"[0.9818333983421326, 10.64617156982422, 0.5257858037948608]","[-0.27674201130867, -0.4430759847164154, 0.3423120081424713, 0.7809730172157288, -0.932325005531311, -0.8945192694664001, 0.207455575466156]","[-22.0625, -12.1875, -38.25]","[-0.5031260848045349, -0.9108873605728148, -0.8661545515060425]","[-68.9375, -26.6875, -2.8125]","[-3.3636999130249023, 5.198400020599365, -2.506500005722046]","[-0.5064771175384521, -0.8850390315055847, -0.8632224202156067]","[3.657899856567383, 7.648200035095215, 4.928699970245361]",,,"[45.0, 1.5, 17.173120498657227, 7.414999961853027, 3.712982654571533, 268.62860107421875, 2226.792661547661, 6.6263243, 44.6087569]"
"[1.471074104309082, 10.849028587341309, 0.8730503916740417]","[-0.3249450027942657, -0.4604969918727875, 0.3038049936294555, 0.7681499719619751, -0.9163759350776672, -0.872607946395874, 0.3483202159404754]","[-20.5625, -12.5625, -39.25]","[-0.8693833947181702, -0.8521744608879089, -0.9042376279830932]","[-67.4375, -27.0625, -3.8125]","[-3.2781999111175537, -1.7161999940872192, -1.3142999410629272]","[-0.8727169632911682, -0.8263261318206787, -0.9013054966926576]","[3.837199926376343, 7.511899948120117, 5.001599788665772]",,,
"[1.184785008430481, 8.611464500427246, 3.1878602504730225]","[-0.3747330009937286, -0.4693650007247925, 0.2694999873638153, 0.7527539730072021, -0.8836017847061157, -0.8594865202903748, 0.4968520998954773]","[-17.875, -12.125, -40.25]","[-0.3978652656078338, -0.492409735918045, -0.7128622531890869]","[-64.75, -26.625, -4.8125]","[-2.737299919128418, 5.035599708557129, -1.1832000017166138]","[-0.4012162983417511, -0.4665614068508148, -0.7099301218986511]","[4.06119966506958, 7.428599834442139, 4.948899745941162]",,,
"[0.5293675661087036, 8.448918342590332, 8.405553817749023]","[-0.416130006313324, -0.4780460000038147, 0.2457569986581802, 0.7334229946136475, -0.8663398623466492, -0.8607722520828247, 0.6137639880180359]","[-16.0, -14.125, -40.5]","[-0.2635796368122101, -0.5511226058006287, -0.263684332370758]","[-62.875, -28.625, -5.0625]","[-0.903599977493286, 4.438899993896484, -5.822000026702881]","[-0.2669306695461273, -0.5252742767333984, -0.2607347369194031]","[4.139800071716309, 7.436800003051758, 4.870800018310547]",,,
"[1.4759008884429932, 10.423396110534668, 5.542701721191406]","[-0.4441939890384674, -0.4793599843978882, 0.2353200018405914, 0.7193949818611145, -0.8413265943527222, -0.8701624274253845, 0.6962900161743164]","[-14.4375, -14.875, -39.8125]","[-0.3818082213401794, -0.5078035593032837, -0.3045250475406647]","[-61.3125, -29.375, -4.375]","[-3.625199794769287, 3.5456998348236084, -1.1241999864578247]","[-0.3851592540740967, -0.4819377660751343, -0.3015754520893097]","[4.213599681854248, 7.496500015258789, 4.713500022888184]",,,
"[3.6322529315948486, 11.364758491516112, 6.515283584594727]","[-0.4605140089988708, -0.4880810081958771, 0.2293670028448104, 0.7050480246543884, -0.8508142828941345, -0.8835025429725647, 0.7350385785102844]","[-13.625, -16.0625, -40.5625]","[0.0852244272828102, -0.2691472172737121, 0.2618342936038971]","[-60.5, -30.5625, -5.125]","[-3.1511998176574707, 2.3145999908447266, 2.1770999431610107]","[0.0818908512592315, -0.2432989031076431, 0.2647664546966553]","[4.102399826049805, 7.580199718475342, 4.677599906921387]",right,STOP,
"[1.4118032455444336, 10.411511421203612, 6.9614763259887695]","[-0.4520480036735534, -0.5009009838104248, 0.2414720058441162, 0.6974530220031738, -0.8995400071144104, -0.9103090167045592, 0.6860783100128174]","[-13.1875, -16.375, -40.375]","[0.0758694633841514, 0.3522248864173889, 0.675233006477356]","[-60.0625, -30.875, -4.9375]","[-3.8693997859954834, 3.13129997253418, 3.065500020980835]","[0.0725184306502342, 0.3780732154846191, 0.6781651377677917]","[3.741899967193604, 7.744199752807617, 4.710999965667725]",left,START,
"[3.238598346710205, 7.84719705581665, 7.072691917419434]","[-0.4339390099048614, -0.5019159913063049, 0.2791709899902344, 0.6941459774971008, -0.9281432628631592, -0.9669763445854188, 0.6034086346626282]","[-13.1875, -17.8125, -39.3125]","[0.3436727821826935, 0.5401968359947205, 1.2285372018814087]","[-60.0625, -32.3125, -3.875]","[-0.4145999848842621, 3.0578999519348145, -2.299799919128418]","[0.3403217494487762, 0.5660451650619507, 1.2314693927764893]","[3.336999893188477, 8.072500228881836, 4.457299709320068]",,,
"[0.3894791603088379, 6.4955363273620605, 11.470093727111816]","[-0.3899880051612854, -0.5046690106391907, 0.326541006565094, 0.6975579857826233, -1.0178184509277344, -1.0144538879394531, 0.4182533919811249]","[-14.25, -18.8125, -39.125]","[0.2237686663866043, 1.1830888986587524, 1.3819866180419922]","[-61.125, -33.3125, -3.6875]","[2.693300008773804, -1.953399896621704, -1.4354000091552734]","[0.220417633652687, 1.208937168121338, 1.3849188089370728]","[2.719899892807007, 8.327699661254883, 4.406899929046631]",,,
"[2.832216024398804, 7.159065246582031, 6.798163414001465]","[-0.3233929872512817, -0.4723939895629883, 0.4017969965934753, 0.7147150039672852, -1.0636225938796997, -1.0756064653396606, 0.174827292561531]","[-17.625, -21.0, -36.0625]","[0.1891238838434219, 1.6435590982437134, 1.4223735332489014]","[-64.5, -35.5, -0.625]","[1.855299949645996, -0.6459999680519104, -1.6511999368667605]","[0.1857728511095047, 1.6694073677062988, 1.425305724143982]","[2.263399839401245, 8.628600120544434, 4.073400020599365]",,,
"[5.472579956054688, 6.812633991241455, 4.1616973876953125]","[-0.2627629935741424, -0.4415110051631927, 0.4609549939632416, 0.723563015460968, -1.13404381275177, -1.1176759004592896, -0.0612167157232761]","[-19.3125, -23.25, -34.3125]","[0.1459095180034637, 1.3158385753631592, 1.1819543838500977]","[-66.1875, -37.75, 1.125]","[3.499199867248535, -0.3048000037670135, 0.8955000042915344]","[0.1425585001707077, 1.3416869640350342, 1.1848865747451782]","[1.8158999681472776, 8.816999435424805, 3.889999866485596]",,,"[45.0, 1.5, 12.521082878112791, 7.322999954223633, 3.6889488697052, 303.8275451660156, 2226.284963221289, 6.6262844, 44.6087563]"
"[3.5198214054107666, 2.2281973361968994, 6.000415325164795]","[-0.2251899987459182, -0.4177739918231964, 0.5068470239639282, 0.7196239829063416, -1.2184706926345823, -1.1620895862579346, -0.2527730762958526]","[-19.75, -25.25, -33.8125]","[0.2104343473911285, 0.2894279360771179, 1.2798150777816772]","[-66.625, -39.75, 1.625]","[-0.089599996805191, -4.69379997253418, 0.4509999752044678]","[0.2070833146572113, 0.3152937293052673, 1.2827646732330322]","[1.3447999954223633, 8.998899459838867, 3.657899856567383]",,,
"[3.159120321273804, 7.124608039855957, 11.31589698791504]","[-0.1593299955129623, -0.4028410017490387, 0.5580220222473145, 0.707772970199585, -1.4373977184295654, -1.1637018918991089, -0.601485013961792]","[-19.6875, -26.75, -32.0]","[-0.6096958518028259, 0.0474555008113384, 0.3426081240177154]","[-66.5625, -41.25, 3.4375]","[12.202799797058104, -2.1698999404907227, -1.2985999584197998]","[-0.6130468845367432, 0.0733038261532783, 0.3455402851104736]","[0.5163999795913696, 9.005199432373047, 3.848299980163574]",,,
"[11.511609077453612, 7.623013496398926, -0.5816377401351929]","[-0.1519239991903305, -0.3661409914493561, 0.5800790190696716, 0.7115939855575562, -1.4016259908676147, -1.2134051322937012, -0.6387532949447632]","[-22.0625, -29.0625, -28.8125]","[0.1934522986412048, 0.6202201843261719, 0.3455402851104736]","[-68.9375, -43.5625, 6.625]","[9.189799308776855, -1.0964999198913574, 4.826499938964844]","[0.1901187151670456, 0.6460685133934021, 0.3484898805618286]","[0.5774999856948853, 9.186999320983888, 3.381599903106689]",,,
"[5.466785907745361, 5.37369966506958, 10.249999046325684]","[-0.1230129972100257, -0.3581169843673706, 0.5881199836730957, 0.7146559953689575, -1.4308172464370728, -1.1909267902374268, -0.7232705950737]","[-23.25, -29.125, -28.3125]","[0.3208089768886566, 1.644833207130432, 0.9031729698181152]","[-70.125, -43.625, 7.125]","[0.7870999574661255, -5.508500099182129, 0.6455000042915344]","[0.3174579441547394, 1.6706814765930176, 0.9061225652694702]","[0.5072999596595764, 9.107500076293944, 3.600600004196167]",,,
"[3.464026927947998, 10.68221950531006, 8.654579162597656]","[-0.047699999064207, -0.3179929852485657, 0.6258119940757751, 0.7106069922447205, -1.5338973999023438, -1.1674413681030271, -0.999701976776123]","[-23.9375, -31.0625, -25.375]","[0.3175626695156097, 1.82404363155365, 0.7193723320960999]","[-70.8125, -45.5625, 10.0625]","[0.9366999864578248, 1.9048999547958367, -0.4729999899864197]","[0.3142116367816925, 1.849891901016236, 0.7223045229911804]","[0.1419000029563903, 9.01959991455078, 3.846399784088135]",,,
"[1.9909127950668333, 10.76615047454834, 3.370614528656006]","[0.0038310000672936, -0.2806040048599243, 0.6456699967384338, 0.7101799845695496, -1.5491313934326172, -1.1553438901901243, -1.146399974822998]","[-25.4375, -30.9375, -25.0625]","[-0.0701622366905212, -0.0988554507493972, -0.3830823302268982]","[-72.3125, -45.4375, 10.375]","[6.072799682617188, -0.8622999787330627, 2.985999822616577]","[-0.0735132694244384, -0.073007121682167, -0.38015016913414]","[0.0856999978423118, 8.972399711608887, 3.9570000171661377]",,,
"[1.1211280822753906, 8.686450958251953, 0.0685028955340385]","[0.0091460002586245, -0.2606360018253326, 0.6375060081481934, 0.7249619960784912, -1.4398388862609863, -1.1669788360595703, -1.074779987335205]","[-27.0625, -31.9375, -21.8125]","[-0.1554564833641052, 0.96429443359375, 0.3902556300163269]","[-73.9375, -46.4375, 13.625]","[2.046499967575073, 3.1618998050689697, 1.730199933052063]","[-0.1588075011968612, 0.9901427626609802, 0.3931877613067627]","[0.5030999779701233, 9.017799377441406, 3.820299863815308]",,,
"[6.247794151306152, 13.567692756652832, 7.161938667297363]","[0.0429759994149208, -0.2274280041456222, 0.649387001991272, 0.7243779897689819, -1.4337284564971924, -1.1712958812713623, -1.1667903661727903]","[-27.75, -32.1875, -20.3125]","[0.4438721239566803, 0.7823089361190796, 0.3240901827812195]","[-74.625, -46.6875, 15.125]","[6.216000080108643, 0.7820000052452087, -0.189300000667572]","[0.440521091222763, 0.8081572651863098, 0.3270398080348968]","[0.5210999846458435, 9.03439998626709, 3.778499841690064]",,,
"[2.9174304008483887, 1.3211205005645752, 6.940810203552246]","[0.0849170014262199, -0.1963309943675995, 0.6627979874610901, 0.7175930142402649, -1.4589099884033203, -1.1627421379089355, -1.2978355884552002]","[-28.9375, -34.1875, -16.75]","[0.355488657951355, 2.245051860809326, 0.7393214702606201]","[-75.8125, -48.6875, 18.6875]","[1.2619999647140503, -0.6854000091552734, -5.75]","[0.3521376252174377, 2.270900249481201, 0.7422536015510559]","[0.4343999922275543, 9.001399993896484, 3.8671000003814697]",,,
"[0.0841322466731071, 16.88138198852539, 2.9930968284606934]","[0.1746760010719299, -0.1153339967131614, 0.6827449798583984, 0.7000309824943542, -1.4683674573898315, -1.1569805145263672, -1.554145097732544]","[-26.625, -37.125, -12.5]","[1.1821115016937256, 1.10002863407135, 1.8640116453170776]","[-73.5, -51.625, 22.9375]","[2.313199996948242, 1.2983999252319336, -4.432499885559082]","[1.1787604093551636, 1.125877022743225, 1.8669438362121584]","[0.4030999839305877, 8.978899955749512, 3.9225997924804688]",,,"[45.0, 1.5, 12.777983665466309, 7.751999855041504, 4.084142684936523, 315.93731689453125, 2225.6174145936966, 6.6262502, 44.6087737]"
"[4.459402084350586, 19.103546142578125, 3.736247539520264]","[0.2403620034456253, -0.0884770005941391, 0.710142970085144, 0.6558150053024292, -1.6237871646881104, -1.0949640274047852, -1.8452636003494265]","[-25.25, -38.0, -12.9375]","[-0.094422310590744, 0.4715006947517395, -0.3075968325138092]","[-72.125, -52.5, 22.5]","[2.0815999507904053, 9.797699928283691, -3.966099977493286]","[-0.0977733433246612, 0.4973490238189697, -0.304664671421051]","[-0.2378999888896942, 8.717199325561523, 4.485799789428711]",,,
"[3.468154191970825, 11.947287559509276, 4.986920833587647]","[0.2217700034379959, -0.0913119986653328, 0.6875590085983276, 0.6853770017623901, -1.4830262660980225, -1.1243189573287964, -1.6724997758865356]","[-28.375, -36.0, -14.3125]","[0.3993138670921325, -1.647974729537964, -1.36559796333313]","[-75.25, -50.5, 21.125]","[7.88599967956543, -1.5196999311447144, -4.688799858093262]","[0.3959802985191345, -1.6221264600753784, -1.362665772438049]","[0.371099978685379, 8.84529972076416, 4.218100070953369]",,,
"[2.5340516567230225, 7.705173492431641, 5.69911003112793]","[0.1781439930200576, -0.1504939943552017, 0.6565979719161987, 0.7172819972038269, -1.3680732250213623, -1.093657612800598, -1.4083186388015747]","[-30.0, -32.875, -16.5625]","[-0.1955466866493225, -0.0468620918691158, -0.2590592205524444]","[-76.875, -47.375, 18.875]","[4.398600101470947, -0.9542999863624572, 2.5120999813079834]","[-0.1988977193832397, -0.0210137646645307, -0.2561096251010895]","[0.9066999554634094, 8.711299896240234, 4.411299705505371]",,,
"[5.210501194000244, 8.137240409851074, 3.0033440589904785]","[0.1795829981565475, -0.1468809992074966, 0.6459239721298218, 0.7272940278053284, -1.3027139902114868, -1.0903714895248413, -1.350333333015442]","[-31.0, -32.125, -16.0625]","[0.259704977273941, 0.037524577230215, -0.3131469786167145]","[-77.875, -46.625, 19.375]","[5.752399921417236, 0.0116999996826052, -0.8299999833106995]","[0.2563539743423462, 0.063372902572155, -0.3102148175239563]","[1.2003999948501587, 8.696499824523926, 4.370199680328369]",left,STOP,
"[6.77283239364624, 8.085200309753418, 2.058189868927002]","[0.1861000061035156, -0.1515180021524429, 0.6299729943275452, 0.7386080026626587, -1.23422372341156, -1.063808798789978, -1.284749984741211]","[-32.625, -30.8125, -16.5625]","[-0.2556732892990112, -0.1637293398380279, -0.7562162280082703]","[-79.5, -45.3125, 18.875]","[2.624699831008911, 1.2924000024795532, -2.111299991607666]","[-0.2590243220329284, -0.1378810107707977, -0.7532840967178345]","[1.5724999904632568, 8.572999954223633, 4.494400024414063]",right,START,
"[0.9548746943473816, 7.700356006622314, 3.550802230834961]","[0.1647730022668838, -0.157150998711586, 0.6137710213661194, 0.75593501329422, -1.149377465248108, -1.0678236484527588, -1.1605067253112793]","[-32.875, -29.1875, -16.1875]","[0.0966912433505058, -0.0316428206861019, 0.0047123888507485]","[-79.75, -43.6875, 19.25]","[-0.7763999700546265, -0.8349999785423279, 0.5701000094413757]","[0.0933402106165885, -0.0057944930158555, 0.0076445420272648]","[1.9335999488830569, 8.592100143432617, 4.313499927520752]",,,
"[1.3090633153915403, 5.454278945922852, 8.610679626464844]","[0.1741849929094314, -0.1567820012569427, 0.6143109798431396, 0.7534580230712891, -1.160079836845398, -1.0574315786361694, -1.18552565574646]","[-33.375, -30.0, -15.75]","[0.4333477914333343, 0.1039169058203697, -0.0866032391786575]","[-80.25, -44.5, 19.6875]","[-0.7166000008583069, -6.492899894714356, 0.4778999984264374]","[0.4299967586994171, 0.1297652274370193, -0.0836710855364799]","[1.9228999614715576, 8.542499542236328, 4.415599822998047]",,,
"[8.496427536010742, 18.327411651611328, 1.7121797800064087]","[0.1895080059766769, -0.1646229922771453, 0.6095510125160217, 0.7519519925117493, -1.1701903343200684, -1.0242246389389038, -1.206741452217102]","[-33.1875, -29.0, -17.25]","[0.1687907874584198, -0.5275606513023376, 0.0635299831628799]","[-80.0625, -43.5, 18.1875]","[4.484600067138672, 2.1248998641967773, 2.249500036239624]","[0.1654397547245025, -0.501694917678833, 0.0664621368050575]","[1.9876999855041504, 8.377900123596191, 4.69350004196167]",,,
"[-0.0303967837244272, 11.701163291931152, -7.005836486816406]","[0.1795520037412643, -0.1827310025691986, 0.6038269996643066, 0.754826009273529, -1.1782307624816897, -1.0083426237106323, -1.173551082611084]","[-34.6875, -27.3125, -17.9375]","[-1.3983752727508545, -0.2202780097723007, -0.7898138165473938]","[-81.5625, -41.8125, 17.5]","[1.696499943733215, 7.904599666595459, -4.154999732971191]","[-1.401726245880127, -0.1944296807050705, -0.7868642210960388]","[2.000499963760376, 8.295899391174316, 4.831699848175049]",,,
"[-2.5398266315460205, 9.95034122467041, 10.705337524414062]","[0.1347779929637909, -0.184347003698349, 0.5701680183410645, 0.7891499996185303, -1.0058428049087524, -1.0163732767105105, -0.9329430460929872]","[-36.4375, -24.4375, -18.125]","[0.2026327252388, -0.9855524897575378, -1.3256124258041382]","[-83.3125, -38.9375, 17.3125]","[0.5898000001907349, 2.3416998386383057, -2.693300008773804]","[0.1992991417646408, -0.9596867561340332, -1.3226628303527832]","[2.7639000415802, 8.337599754333496, 4.360499858856201]",,,"[45.0, 1.5, 18.047622680664062, 7.835999965667725, 3.856533765792847, 286.7201232910156, 2224.6286869924515, 6.6262129, 44.6087905]"
"[-2.4519879817962646, 0.1331846415996551, 6.6375508308410645]","[0.089146003127098, -0.2173919975757599, 0.5374730229377747, 0.8098859786987305, -0.9391685724258424, -0.9823867678642272, -0.7493742108345032]","[-35.6875, -22.0, -21.0625]","[0.0056723202578723, -0.4706978499889374, -0.3630110323429107]","[-82.5625, -36.5, 14.375]","[-3.194199800491333, 9.68079948425293, -0.4799999892711639]","[0.0023212879896163, -0.4448495209217071, -0.3600788712501526]","[3.2137999534606934, 8.157400131225586, 4.392899990081787]",,,
"[-1.1671828031539917, 6.236904621124268, 11.335548400878906]","[0.0573940016329288, -0.243704006075859, 0.5195879936218262, 0.8169090151786804, -0.93021559715271, -0.9630516171455384, -0.6531981229782104]","[-35.4375, -20.3125, -22.5625]","[0.3280346393585205, -0.7401592135429382, -0.7250446677207947]","[-82.3125, -34.8125, 12.875]","[-5.258999824523926, -1.048699975013733, 5.503299713134766]","[0.3246836066246032, -0.714310884475708, -0.7221125364303589]","[3.346699953079224, 8.050600051879883, 4.489599704742432]",,,
"[2.2258222103118896, 9.79676628112793, 1.365748405456543]","[0.0301949996501207, -0.2788330018520355, 0.4964619874954223, 0.8215010166168213, -0.9466113448143004, -0.9253799319267272, -0.5736886262893677]","[-34.9375, -18.0625, -24.5625]","[-0.4871039390563965, -0.8507258296012878, -0.7503345012664795]","[-81.8125, -32.5625, 10.875]","[0.0631999969482421, 3.924099922180176, -3.021399974822998]","[-0.4904549717903137, -0.8248600363731384, -0.7474023699760437]","[3.447499990463257, 7.8339996337890625, 4.786600112915039]",,,
"[-0.7833157181739807, 5.793757438659668, 4.823780059814453]","[-0.0292429998517036, -0.3088279962539673, 0.4660109877586365, 0.8286150097846985, -0.912264883518219, -0.9113792181015016, -0.4014053642749786]","[-33.1875, -15.4375, -28.875]","[-0.4942423403263092, -1.8441323041915887, -1.320062279701233]","[-80.0625, -29.9375, 6.5625]","[-2.26449990272522, -0.3858999907970428, 0.4848999977111816]","[-0.4975933730602264, -1.818284034729004, -1.317130208015442]","[3.6765999794006334, 7.7505998611450195, 4.751699924468994]",,,
"[-1.69254732131958, 6.620781898498535, 7.712977886199951]","[-0.1054819971323013, -0.3715089857578277, 0.4131250083446502, 0.8247299790382385, -0.941579818725586, -0.8630180358886719, -0.2059782892465591]","[-30.25, -12.1875, -33.1875]","[-0.7344170808792114, -1.2113981246948242, -1.225482940673828]","[-77.125, -26.6875, 2.25]","[-4.056099891662598, 4.80709981918335, -0.9573999643325806]","[-0.7377681136131287, -1.1855498552322388, -1.2225507497787476]","[3.752099990844727, 7.451200008392334, 5.154699802398682]",,,
"[-2.325018882751465, 7.441514015197754, 4.19868278503418]","[-0.1826519966125488, -0.3985770046710968, 0.3654159903526306, 0.8211230039596558, -0.8979818820953369, -0.8415918946266174, 0.0130080468952655]","[-27.875, -11.125, -34.6875]","[-1.0984578132629397, -0.8484045267105103, -1.304877996444702]","[-74.75, -25.625, 0.75]","[-2.816499948501587, 1.8366999626159668, -0.5792999863624573]","[-1.1018089056015017, -0.82255619764328, -1.3019458055496216]","[4.071799755096436, 7.31279993057251, 5.109999656677246]",,,
"[2.395149946212769, 14.510327339172363, 5.290065288543701]","[-0.2867670059204101, -0.4412829875946045, 0.301595002412796, 0.7950299978256226, -0.8895542025566101, -0.8221999406814575, 0.282613456249237]","[-25.6875, -10.1875, -37.0625]","[0.5596223473548889, -1.4271034002304075, -0.2693741023540497]","[-72.5625, -24.6875, -1.625]","[-6.723599910736084, -2.506999969482422, 3.013599872589112]","[0.5562713146209717, -1.4012550115585327, -0.2664419710636139]","[4.2032999992370605, 7.184799671173096, 5.184599876403809]",,,
"[5.695460796356201, 14.678831100463867, -4.64717435836792]","[-0.332298994064331, -0.4430499970912933, 0.2839950025081634, 0.7827060222625732, -0.8470560908317566, -0.8316135406494141, 0.4100009202957153]","[-22.5625, -11.6875, -37.5]","[-1.615424394607544, -0.5982465147972107, -0.7821692824363708]","[-69.4375, -26.1875, -2.0625]","[-6.914700031280518, -2.9814000129699707, 2.708400011062622]","[-1.6187753677368164, -0.5723981857299805, -0.7792371511459351]","[4.37470006942749, 7.247299671173096, 4.950500011444092]",,,
"[-2.798649311065674, 10.059449195861816, 4.350341320037842]","[-0.3755300045013428, -0.4482449889183044, 0.2694970071315765, 0.7651299834251404, -0.818093478679657, -0.8466411232948303, 0.5267495512962341]","[-21.3125, -12.4375, -37.875]","[-1.2217304706573486, -0.5353448390960693, -0.5627639889717102]","[-68.1875, -26.9375, -2.4375]","[-2.3427000045776367, 6.187399864196777, 1.6129000186920166]","[-1.2250815629959106, -0.5094965100288391, -0.5598317980766296]","[4.441299915313721, 7.345699787139893, 4.741699695587158]",,,
"[-1.1343439817428589, 15.477652549743652, 5.746821403503418]","[-0.4221630096435547, -0.4634419977664947, 0.2614290118217468, 0.7339299917221069, -0.8142541646957397, -0.8867741227149963, 0.6399713754653931]","[-18.875, -13.5, -39.125]","[-0.2407856285572052, -1.1680266857147217, -0.054768431931734]","[-65.75, -28.0, -3.6875]","[-3.0473999977111816, 4.844099998474121, -5.3105998039245605]","[-0.2441366612911224, -1.1421784162521362, -0.0518188253045082]","[4.253600120544434, 7.600499629974365, 4.506499767303467]",,,"[45.0, 1.5, 17.365840911865234, 7.9770002365112305, 4.973398208618164, 280.46484375, 2223.7384103415534, 6.6261615, 44.6087933]"
"[-2.312999963760376, 7.310905933380127, 4.9653639793396]","[-0.4457319974899292, -0.4830990135669708, 0.240229994058609, 0.7143009901046753, -0.8504098057746887, -0.8849107027053833, 0.6930922865867615]","[-16.375, -16.75, -39.0625]","[-0.5000542998313904, -0.7511897087097168, -0.3057467639446258]","[-63.25, -31.25, -3.625]","[-4.891599655151367, 1.8645999431610107, -0.9021999835968018]","[-0.5033878684043884, -0.7253413796424866, -0.3027971684932709]","[4.097300052642822, 7.588899612426758, 4.667900085449219]",,,
"[0.4179414510726928, 11.227360725402832, 4.047532081604004]","[-0.4840039908885956, -0.485163003206253, 0.2319370061159134, 0.6903340220451355, -0.8127139210700989, -0.9105964303016664, 0.8076571226119995]","[-13.4375, -17.375, -39.25]","[-0.598647952079773, -0.6467491984367371, -0.3618765771389007]","[-60.3125, -31.875, -3.8125]","[-2.350100040435791, 3.35509991645813, -2.641199827194214]","[-0.6019989848136902, -0.6209008693695068, -0.3589444160461426]","[4.134900093078613, 7.745899677276611, 4.367199897766113]",,,
"[2.723069429397583, 10.65494441986084, 7.257036209106445]","[-0.4867280125617981, -0.5044609904289246, 0.2201820015907287, 0.6783310174942017, -0.8730856776237488, -0.9104553461074828, 0.7957130074501038]","[-11.9375, -18.3125, -39.4375]","[0.7504740953445435, -0.4288623034954071, 0.0042411498725414]","[-58.8125, -32.8125, -4.0]","[-4.845200061798096, -0.8411999940872192, 1.7450999021530151]","[0.7471230626106262, -0.4030139744281769, 0.0071907564997673]","[3.864499807357788, 7.745100021362305, 4.609499931335449]",,,
"[-1.0061393976211548, 8.463704109191895, 8.037775993347168]","[-0.4978190064430237, -0.5102900266647339, 0.2262350022792816, 0.6637740135192871, -0.8760297894477844, -0.9414321780204772, 0.819040060043335]","[-9.0625, -19.1875, -39.75]","[-0.4187219440937042, -0.2988876402378082, -0.0404741838574409]","[-55.9375, -33.6875, -4.3125]","[-2.5088999271392822, 0.6825000047683716, 1.851599931716919]","[-0.4220729768276214, -0.273039311170578, -0.0375420302152633]","[3.695499897003174, 7.927699565887451, 4.4344000816345215]",right,STOP,
"[0.5942025780677795, 8.314544677734375, 5.3181257247924805]","[-0.4689750075340271, -0.5141819715499878, 0.2391760051250457, 0.6771060228347778, -0.9234536290168762, -0.9376536011695862, 0.7177251577377319]","[-9.0, -19.375, -39.625]","[0.3766944110393524, 0.161198616027832, 0.4809952974319458]","[-55.875, -33.875, -4.1875]","[-4.048299789428711, 1.4299999475479126, 0.1570999920368194]","[0.3733433783054352, 0.1870643943548202, 0.4839448928833008]","[3.499199867248535, 7.905799865722656, 4.628499984741211]",left,START,
"[1.9025667905807493, 6.460475444793701, 6.170432567596436]","[-0.4236949980258941, -0.515932023525238, 0.2634809911251068, 0.6963269710540771, -0.9847233295440674, -0.934216320514679, 0.5648170113563538]","[-10.3125, -18.5, -40.625]","[-0.0248185824602842, 0.6789854168891907, 0.53328537940979]","[-57.1875, -33.0, -5.1875]","[-5.891599655151367, 1.3812999725341797, -0.3161999881267547]","[-0.0281696133315563, 0.7048337459564209, 0.536234974861145]","[3.2242000102996826, 7.885799884796143, 4.856599807739258]",,,
"[3.5676381587982178, 7.930323600769043, 1.6363027095794678]","[-0.4024190008640289, -0.5025550127029419, 0.2923020124435425, 0.7071459889411926, -0.9726805686950684, -0.9577094316482544, 0.4989782571792602]","[-11.4375, -17.9375, -40.0625]","[-0.2993239760398865, 0.8021358847618103, 0.0474904105067253]","[-58.3125, -32.4375, -4.625]","[-1.4807000160217283, -1.1166999340057373, 0.642300009727478]","[-0.3026750087738037, 0.8279842138290405, 0.0504225604236125]","[3.1771998405456543, 8.020599365234375, 4.663000106811523]",,,
"[1.8884025812149048, 10.146300315856934, 0.1532097607851028]","[-0.3576110005378723, -0.4987249970436096, 0.3181990087032318, 0.7225899696350098, -1.024216890335083, -0.955415904521942, 0.3527316451072693]","[-12.375, -16.9375, -39.4375]","[0.133988931775093, 0.7185171246528625, 0.6066415309906006]","[-59.25, -31.4375, -4.0]","[0.3819999992847442, -0.0151999993249773, 2.165600061416626]","[0.1306553483009338, 0.7443654537200928, 0.6095737218856812]","[2.942399978637696, 8.007599830627441, 4.836199760437012]",,,
"[2.831095695495605, 10.176735877990724, 3.2860801219940186]","[-0.3176090121269226, -0.4859200119972229, 0.3593739867210388, 0.7306540012359619, -1.060849666595459, -0.985994040966034, 0.2096180021762848]","[-14.1875, -16.1875, -39.25]","[0.4327892959117889, 0.8319810032844543, 0.9310458898544312]","[-61.0625, -30.6875, -3.8125]","[2.917799949645996, 5.1697998046875, -3.6459999084472656]","[0.4294382631778717, 0.8578293323516846, 0.9339780211448668]","[2.6424999237060547, 8.177000045776367, 4.724800109863281]",,,
"[5.041269302368164, 10.475255012512209, 7.598535060882568]","[-0.2860569953918457, -0.4681710004806518, 0.4017989933490753, 0.7331730127334595, -1.089035987854004, -1.0294651985168457, 0.0840098038315773]","[-15.8125, -17.25, -38.5625]","[0.4877671599388122, 0.493474394083023, 0.9189507365226746]","[-62.6875, -31.75, -3.125]","[3.9054999351501465, -3.5207998752593994, 0.3173999786376953]","[0.484416127204895, 0.5193226933479309, 0.9218829274177552]","[2.3411998748779297, 8.404500007629395, 4.47790002822876]",,,"[45.0, 1.5, 10.675135612487791, 7.380000114440918, 4.437617778778076, 307.6963195800781, 2222.848907094449, 6.6261069, 44.6088052]"
"[4.878808498382568, 4.254487037658691, -0.5892130136489868]","[-0.2398529946804046, -0.4322249889373779, 0.4513730108737945, 0.7429080009460449, -1.095847725868225, -1.071663737297058, -0.0706974267959594]","[-18.4375, -20.0625, -36.625]","[-0.6359979510307312, 1.4807896614074707, 0.623867928981781]","[-65.3125, -34.5625, -1.1875]","[1.5798999071121216, -2.373199939727783, -0.6047999858856201]","[-0.639331579208374, 1.5066380500793457, 0.626817524433136]","[2.1464998722076416, 8.610199928283691, 4.174499988555908]",,,
"[3.295024871826172, 10.94996738433838, 4.661922454833984]","[-0.188070997595787, -0.4215799868106842, 0.4961180090904236, 0.7353670001029968, -1.232935905456543, -1.0934813022613523, -0.3135733902454376]","[-20.25, -21.25, -34.8125]","[0.566760778427124, 1.0818946361541748, 0.9551488757133484]","[-67.125, -35.75, 0.625]","[2.6157000064849854, 1.007699966430664, -5.937099933624268]","[0.5634097456932068, 1.1077604293823242, 0.9580810070037842]","[1.4931999444961548, 8.71049976348877, 4.250400066375732]",,,
"[6.575531482696533, 15.91218090057373, 0.5666500926017761]","[-0.1422789990901947, -0.4064500033855438, 0.511834979057312, 0.7433559894561768, -1.2632983922958374, -1.0687711238861084, -0.4390374720096588]","[-19.8125, -22.25, -34.4375]","[1.0035991668701172, 0.736877977848053, 0.6369753479957581]","[-66.6875, -36.75, 1.0]","[-2.683499813079834, -0.6434000134468079, 3.0927000045776367]","[1.0002481937408447, 0.7627437710762024, 0.639924943447113]","[1.4282000064849854, 8.596599578857422, 4.497600078582764]",,,
"[7.24318790435791, 10.54369068145752, 6.4757981300354]","[-0.1035029962658882, -0.3388339877128601, 0.5437970161437988, 0.7607640027999878, -1.1528784036636353, -1.1141653060913086, -0.4990713894367218]","[-24.125, -23.5, -31.9375]","[-0.0914203450083732, 2.7949702739715576, 0.9397900104522704]","[-71.0, -38.0, 3.5]","[6.325699806213379, -1.525299906730652, 2.9323999881744385]","[-0.0947713777422905, 2.820836067199707, 0.9427221417427064]","[1.754899978637695, 8.801899909973145, 3.9517998695373535]",,,
"[4.422262668609619, 0.4652604460716247, 8.658869743347168]","[-0.0853559970855712, -0.334876000881195, 0.5330049991607666, 0.7723190188407898, -1.117729663848877, -1.076846718788147, -0.4948129653930664]","[-26.5625, -23.0, -30.4375]","[0.3708301186561584, -0.2679952979087829, -0.3415085673332214]","[-73.4375, -37.5, 5.0]","[0.8086999654769897, 3.967099905014038, -0.3655000030994415]","[0.3674790859222412, -0.2421469837427139, -0.3385764062404632]","[2.035099983215332, 8.6343994140625, 4.180299758911133]",,,
"[10.7932710647583, 11.35224151611328, 7.556694507598877]","[-0.0603769980370998, -0.3246549963951111, 0.5299100279808044, 0.7811200022697449, -1.096397042274475, -1.0492504835128784, -0.5250881314277649]","[-28.25, -22.375, -29.1875]","[1.277354121208191, 1.2230045795440674, 0.6280916333198547]","[-75.125, -36.875, 6.25]","[-0.2900999784469604, 2.019599914550781, -1.8357999324798584]","[1.274003028869629, 1.2488528490066528, 0.6310412287712097]","[2.231799840927124, 8.502799987792969, 4.34630012512207]",,,
"[5.065450668334961, 5.254430294036865, 5.442949295043945]","[-0.0469289980828762, -0.2990429997444153, 0.5322710275650024, 0.7906060218811035, -1.0290110111236572, -1.054596185684204, -0.5174102187156677]","[-29.25, -21.875, -28.125]","[-0.2114989906549453, 0.7152708172798157, -0.1178097277879715]","[-76.125, -36.375, 7.3125]","[5.594399929046631, -3.72350001335144, 1.0698999166488647]","[-0.2148500233888626, 0.7411191463470459, -0.1148775741457939]","[2.496000051498413, 8.528800010681152, 4.14709997177124]",,,
"[-1.148019790649414, 5.5558600425720215, 3.7230985164642334]","[-0.0285749994218349, -0.2831670045852661, 0.5390499830245972, 0.7927320003509521, -1.0171256065368652, -1.0568828582763672, -0.5572485327720642]","[-30.9375, -21.875, -27.625]","[0.0113271865993738, -0.0324107632040977, 0.2830924093723297]","[-77.8125, -36.375, 7.8125]","[3.829599857330322, 1.8844999074935915, -5.365599632263184]","[0.0079761547967791, -0.0065624378621578, 0.2860245704650879]","[2.5348000526428223, 8.539899826049805, 4.100599765777588]",,,
"[13.108416557312012, 6.143033027648926, -3.2641875743865967]","[-0.0061149997636675, -0.2857329845428467, 0.5379220247268677, 0.7930690050125122, -1.046980381011963, -1.0288629531860352, -0.615270733833313]","[-31.0625, -22.875, -25.375]","[0.4964763522148132, -0.1007404029369354, -0.5468814373016357]","[-77.9375, -37.375, 10.0625]","[-1.9121999740600584, -6.204699993133545, 2.8671000003814697]","[0.493125319480896, -0.0748920813202858, -0.5439318418502808]","[2.5299999713897705, 8.401399612426758, 4.379899978637695]",,,
"[-2.410281181335449, 14.16700839996338, 1.9994169473648071]","[0.005472999997437, -0.2580150067806244, 0.5404850244522095, 0.8007950186729431, -0.97756826877594, -1.0408045053482056, -0.6053580045700073]","[-32.3125, -22.75, -24.875]","[-0.1316152811050415, 1.5968191623687744, 0.5936737656593323]","[-79.1875, -37.25, 10.5625]","[5.446499824523926, 3.247799873352051, 1.0967999696731567]","[-0.1349663138389587, 1.6226849555969238, 0.5966233611106873]","[2.771399974822998, 8.461299896240234, 4.1103997230529785]",,,
"[6.1490092277526855, 10.569079399108888, -1.134554743766785]","[0.0107659995555877, -0.2457219958305359, 0.5520939826965332, 0.7966780066490173, -0.9816179275512696, -1.0641800165176392, -0.6366799473762512]","[-33.3125, -23.625, -23.1875]","[-0.2718175649642944, 0.110025554895401, 0.2990621626377105]","[-80.1875, -38.125, 12.25]","[-2.957899808883667, 1.6239999532699585, 1.9179999828338623]","[-0.2751685976982116, 0.1358738839626312, 0.3019943237304687]","[2.6440999507904053, 8.574799537658691, 3.956099987030029]",,,"[45.0, 1.5, 11.556891441345217, 7.041999816894531, 4.654317855834961, 320.62646484375, 2221.914666663856, 6.6260666, 44.6088326]"
"[6.563436031341553, 10.54378604888916, 5.666069984436035]","[0.0438349992036819, -0.2094240039587021, 0.5689209699630737, 0.7940700054168701, -0.9649816751480104, -1.0868505239486694, -0.7231884002685547]","[-32.75, -24.25, -21.875]","[0.2779785990715027, 0.497104674577713, 0.1235344037413597]","[-79.625, -38.75, 13.5625]","[3.903599977493286, -0.6880999803543091, -1.1029000282287598]","[0.2746450006961822, 0.5229529738426208, 0.1264840066432953]","[2.598099946975708, 8.680500030517578, 3.750699996948242]",,,
"[2.802097082138061, 5.815927505493164, 3.30106782913208]","[0.0689330026507377, -0.1792279928922653, 0.5703759789466858, 0.7986209988594055, -0.9075688719749452, -1.0893346071243286, -0.7467839121818542]","[-33.4375, -25.6875, -19.75]","[-0.1280198991298675, 0.6491228342056274, 0.0873013660311698]","[-80.3125, -40.1875, 15.6875]","[1.313099980354309, 9.42099952697754, -7.785499572753906]","[-0.1313709318637848, 0.6749711632728577, 0.0902335196733474]","[2.795799970626831, 8.691800117492676, 3.578499794006348]",,,
"[4.807652950286865, 5.563895225524902, 3.673059701919556]","[0.0866990014910698, -0.1644120067358017, 0.5751270055770874, 0.7966669797897339, -0.9044665694236756, -1.0926744937896729, -0.7912866473197937]","[-35.125, -25.5625, -18.1875]","[0.4078834354877472, 0.121317833662033, 0.1706757396459579]","[-82.0, -40.0625, 17.25]","[2.006500005722046, 0.9524999856948853, -0.9285999536514282]","[0.4045324027538299, 0.1471661627292633, 0.1736079007387161]","[2.7888998985290527, 8.706899642944336, 3.5468997955322266]",,,
"[3.423574447631836, 9.244797706604004, 3.422147512435913]","[0.1276510059833526, -0.140731006860733, 0.5659530162811279, 0.8022440075874329, -0.8584575057029724, -1.0595511198043823, -0.8393380641937256]","[-36.5, -25.8125, -16.0]","[0.2992716133594513, 0.0036128314677625, -0.1178795397281646]","[-83.375, -40.3125, 19.4375]","[2.394899845123291, 2.715100049972534, -0.1890999972820282]","[0.295920580625534, 0.029461158439517, -0.1149299293756485]","[3.135900020599365, 8.55270004272461, 3.63129997253418]",,,
"[4.039813041687012, 3.099140882492065, 2.061781167984009]","[0.1340889930725097, -0.1543129980564117, 0.557017982006073, 0.8049449920654297, -0.8755668997764587, -1.02623450756073, -0.8458709120750427]","[-36.625, -25.75, -14.9375]","[0.2136108428239822, -0.6394886374473572, 0.0195302348583936]","[-83.5, -40.25, 20.5]","[1.3255000114440918, -2.974900007247925, -2.273200035095215]","[0.210259810090065, -0.613640308380127, 0.0224623866379261]","[3.2540998458862305, 8.388099670410156, 3.901099920272827]",,,
"[7.613197326660156, 11.187731742858888, 6.226495265960693]","[0.1280680000782013, -0.1838800013065338, 0.5596569776535034, 0.7978529930114746, -0.9597512483596802, -1.0083435773849487, -0.8775706887245178]","[-36.75, -24.0, -17.125]","[0.5578944683074951, 0.0105417883023619, 0.7415380477905273]","[-83.625, -38.5, 18.3125]","[2.148200035095215, 0.95169997215271, 2.3949999809265137]","[0.5545434355735779, 0.0363901145756244, 0.7444701790809631]","[3.000200033187866, 8.295899391174316, 4.283199787139893]",,,
"[2.3738222122192383, 6.721519947052002, 5.786402225494385]","[0.1365509927272796, -0.1917770057916641, 0.585394024848938, 0.7758139967918396, -1.085781812667847, -1.0273642539978027, -1.0046838521957395]","[-35.8125, -24.125, -19.4375]","[0.3987902700901031, 0.8130441904067993, 0.5483824610710144]","[-82.6875, -38.625, 16.0]","[1.5978000164031982, 5.374599933624268, -0.1905999928712844]","[0.3954567015171051, 0.8388925194740295, 0.5513320565223694]","[2.363999843597412, 8.393899917602539, 4.485899925231934]",,,
"[2.995098352432251, 10.724644660949709, 2.6008307933807373]","[0.173686996102333, -0.160421997308731, 0.598143994808197, 0.7657150030136108, -1.0961835384368896, -1.0358368158340454, -1.1156351566314695]","[-33.8125, -26.125, -19.4375]","[-0.1192408949136734, 0.3107907772064209, 0.3279124498367309]","[-80.6875, -40.625, 16.0]","[1.23580002784729, 0.5169000029563904, -1.3871999979019165]","[-0.1225919276475906, 0.3366391062736511, 0.3308446109294891]","[2.2846999168396, 8.43649959564209, 4.446799755096436]",left,STOP,
"[3.6887753009796143, 10.459999084472656, 3.640517711639404]","[0.1871930062770843, -0.143325999379158, 0.6077650189399719, 0.7583119869232178, -1.1112866401672363, -1.0513452291488647, -1.1754878759384155]","[-33.6875, -29.3125, -16.3125]","[0.2804394960403442, 0.2834414839744568, 0.2027025371789932]","[-80.5625, -43.8125, 19.125]","[1.2143999338150024, 2.254600048065185, -0.5482999682426453]","[0.277088463306427, 0.3093072474002838, 0.2056521475315094]","[2.1589999198913574, 8.512999534606934, 4.36299991607666]",right,START,"[45.0, 1.5, 14.891727447509766, 7.109000205993652, 4.3947272300720215, 299.9081115722656, 2220.908331633545, 6.6260264, 44.6088584]"
"[2.81531310081482, 7.936998844146728, 5.7660417556762695]","[0.1993599981069564, -0.1459420025348663, 0.6036040186882019, 0.7580350041389465, -1.1110310554504397, -1.0292564630508425, -1.189452052116394]","[-34.5, -28.1875, -16.75]","[-0.1140747219324112, -0.0027925267349928, -0.2046573013067245]","[-81.375, -42.6875, 18.6875]","[1.375599980354309, -1.7250999212265017, 0.8145999908447266]","[-0.1174257546663284, 0.0230383463203907, -0.2017251551151275]","[2.243000030517578, 8.403399467468262, 4.529900074005127]",,,
"[3.749722242355346, 9.423711776733398, 3.8553638458251953]","[0.1909659951925277, -0.1482139974832534, 0.5937290191650391, 0.7674949765205383, -1.0659477710723877, -1.0250890254974363, -1.1287411451339722]","[-35.125, -27.3125, -16.375]","[0.2220058739185333, -0.2277829200029373, -0.3522772490978241]","[-82.0, -41.8125, 19.0625]","[0.568399965763092, 0.2671000063419342, -2.003200054168701]","[0.2186548411846161, -0.2019345909357071, -0.3493450880050659]","[2.4617998600006104, 8.382299423217773, 4.454799652099609]",,,
"[4.510034084320068, 5.817718982696533, 4.997072219848633]","[0.1814049929380417, -0.1595149934291839, 0.5810989737510681, 0.7771549820899963, -1.0327855348587036, -1.0071905851364136, -1.065015196800232]","[-35.5625, -25.75, -17.375]","[0.2893581390380859, -0.4077438116073608, -0.4258952438831329]","[-82.4375, -40.25, 18.0625]","[0.5906999707221985, -3.916099786758423, 1.0123000144958496]","[0.2860071063041687, -0.3818954825401306, -0.4229630827903747]","[2.6845998764038086, 8.289899826049805, 4.498899936676025]",,,
"[4.805986404418945, 9.079205513000488, 2.7198994159698486]","[0.172448992729187, -0.1870269924402237, 0.5680990219116211, 0.7826520204544067, -1.043486475944519, -0.969746708869934, -1.0219022035598757]","[-35.375, -23.75, -20.5]","[-0.0308225136250257, -0.664237380027771, -0.3491705656051636]","[-82.25, -38.25, 14.9375]","[1.3868999481201172, 3.111199855804444, -2.517199993133545]","[-0.0341735482215881, -0.6383890509605408, -0.3462384045124054]","[2.790599822998047, 8.087900161743164, 4.792399883270264]",,,
"[-8.046308517456055, -5.115365028381348, 11.775134086608888]","[0.1450439989566803, -0.2111150026321411, 0.5517489910125732, 0.793703019618988, -1.02313494682312, -0.9520525932312012, -0.9249999523162842]","[-35.5625, -21.3125, -21.5]","[-1.005658745765686, -1.1609232425689695, -1.2897459268569946]","[-82.4375, -35.8125, 13.9375]","[-1.5494999885559082, 0.1802999973297119, -2.198400020599365]","[-1.0090097188949585, -1.1350574493408203, -1.2868138551712036]","[2.961599826812744, 7.988499641418457, 4.855999946594238]",,,
"[2.8282415866851807, 7.786853313446045, 4.844906806945801]","[0.088297002017498, -0.2663689851760864, 0.5137919783592224, 0.8107200264930725, -1.0074169635772705, -0.9043827652931212, -0.7401333451271057]","[-35.25, -16.75, -25.6875]","[-0.3317696452140808, -1.4848039150238037, -1.1705923080444336]","[-82.125, -31.25, 9.75]","[-0.5209999680519104, 5.18720006942749, -1.643899917602539]","[-0.335120677947998, -1.4589556455612185, -1.167660117149353]","[3.237399816513061, 7.708399772644043, 5.12529993057251]",,,
"[-0.6357946395874023, -3.242084264755249, 7.638873100280762]","[0.0147719997912645, -0.3135989904403686, 0.4779540002346039, 0.8203629851341248, -0.9906957745552064, -0.8865989446640015, -0.538246750831604]","[-33.75, -14.0, -28.1875]","[-0.7944214940071106, -1.2114155292510986, -1.2947551012039185]","[-80.625, -28.5, 7.25]","[-6.250999927520752, 3.61929988861084, -4.134999752044678]","[-0.7977725267410278, -1.1855672597885132, -1.291805386543274]","[3.3973000049591064, 7.599400043487549, 5.184299945831299]",,,
"[-1.9044630527496336, 13.552206039428713, 5.984134674072266]","[-0.0583110004663467, -0.3524509966373443, 0.4302749931812286, 0.8289999961853027, -0.9508898854255676, -0.8548911809921265, -0.3202759921550751]","[-30.9375, -11.375, -32.0]","[0.3003537058830261, -1.08732271194458, -0.6177069544792175]","[-77.8125, -25.875, 3.4375]","[-0.7577999830245972, 4.094200134277344, -7.121399879455566]","[0.2970026731491089, -1.0614569187164309, -0.614774763584137]","[3.7390999794006334, 7.399099826812744, 5.238499641418457]",,,
"[1.504640817642212, 13.545062065124512, 3.1538338661193848]","[-0.1087870001792907, -0.384920984506607, 0.4027259945869446, 0.8232929706573486, -0.9638066291809082, -0.8433452248573303, -0.1981585025787353]","[-29.625, -11.5625, -33.5625]","[-1.1793190240859983, -0.9332799315452576, -0.592888355255127]","[-76.5, -26.0625, 1.875]","[-5.710299968719482, -2.33270001411438, 3.695299863815308]","[-1.182669997215271, -0.9074316024780272, -0.5899561643600464]","[3.719599962234497, 7.3242998123168945, 5.356199741363525]",,,
"[0.0881928130984306, 8.559654235839844, 6.388065338134766]","[-0.1663240045309066, -0.3965069949626922, 0.3912270069122314, 0.8136690258979797, -0.9359049201011658, -0.8765808939933777, -0.0619093179702758]","[-27.0625, -12.0625, -34.8125]","[0.0718202963471412, -0.917170524597168, -0.3722089231014251]","[-73.9375, -26.5625, 0.625]","[-9.850199699401855, 7.741699695587158, -0.8345999717712402]","[0.068469263613224, -0.8913221955299377, -0.3692592978477478]","[3.720999956130981, 7.536900043487549, 5.051499843597412]",,,"[45.0, 1.5, 17.126115798950195, 7.160999774932861, 5.315775394439697, 278.78125, 2220.043531422504, 6.6259707, 44.6088706]"
"[-3.6176962852478014, 11.785093307495115, 4.489444255828857]","[-0.2023209929466247, -0.4132440090179443, 0.3694140017032623, 0.8073580265045166, -0.9307876229286194, -0.8690478205680847, 0.0331167392432689]","[-25.125, -13.3125, -35.8125]","[-1.1811341047286987, -0.6506761908531189, -1.222079515457153]","[-72.0, -27.8125, -0.375]","[-9.870599746704102, -4.253299713134766, 9.082900047302246]","[-1.1844851970672607, -0.6248278617858887, -1.2191474437713623]","[3.78059983253479, 7.489399909973144, 5.0777997970581055]",,,
"[-2.3679420948028564, 12.103781700134276, 4.504412651062012]","[-0.2746610045433044, -0.421420007944107, 0.3368459939956665, 0.7959269881248474, -0.8604188561439514, -0.8752519488334656, 0.2415947914123535]","[-23.0, -13.0, -36.875]","[-0.6830520629882812, -1.31093430519104, -0.7742455005645752]","[-69.875, -27.5, -1.4375]","[-4.970699787139893, 2.375999927520752, -0.9590999484062196]","[-0.6864030957221985, -1.2850685119628906, -0.7712959051132202]","[4.097899913787842, 7.528599739074707, 4.764100074768066]",,,
"[-0.592421293258667, 7.267848014831543, 5.147399425506592]","[-0.3325819969177246, -0.4512749910354614, 0.3036949932575226, 0.7703949809074402, -0.8794816732406616, -0.8758718371391296, 0.3813941180706024]","[-19.6875, -14.9375, -38.375]","[-1.109715223312378, -0.6154729127883911, -0.426349014043808]","[-66.5625, -29.4375, -2.9375]","[-1.1301000118255615, 5.343599796295166, 3.0859999656677246]","[-1.113048791885376, -0.5896245837211609, -0.4234168827533722]","[4.003399848937988, 7.53249979019165, 4.837699890136719]",,,
"[-0.6702902913093567, 7.950416088104248, 12.757139205932615]","[-0.3836790025234222, -0.4613629877567291, 0.2903710007667541, 0.7453979849815369, -0.8534290790557861, -0.9057925939559937, 0.5152422785758972]","[-17.6875, -15.8125, -38.6875]","[-0.0508763492107391, -0.6390174031257629, 0.010437068529427]","[-64.5625, -30.3125, -3.25]","[-2.7816998958587646, 5.325799942016602, -4.824599742889404]","[-0.054227378219366, -0.6131516098976135, 0.0133692221716046]","[3.978099822998047, 7.717000007629394, 4.559799671173096]",,,
"[-10.695310592651367, 0.4185064733028412, 10.316892623901367]","[-0.4029499888420105, -0.473917007446289, 0.2812860012054443, 0.7306919693946838, -0.8706066608428955, -0.9157119393348694, 0.5573679804801941]","[-15.875, -17.125, -38.3125]","[-0.2003986984491348, 0.4187568426132202, -0.0251851007342338]","[-62.75, -31.625, -2.875]","[5.397899627685547, 6.599799633026123, 3.1783998012542725]","[-0.203732281923294, 0.4446051716804504, -0.0222529470920562]","[3.8496999740600586, 7.776599884033203, 4.568699836730957]",,,
"[-3.651234149932861, 5.343063354492188, 7.773828983306885]","[-0.4377939999103546, -0.4746989905834198, 0.2705850005149841, 0.7139880061149597, -0.8304581046104431, -0.930685579776764, 0.664378821849823]","[-15.625, -18.375, -38.4375]","[-0.0046949358657002, -0.3933623135089874, -0.3246137797832489]","[-62.5, -32.875, -3.0]","[-3.2742998600006104, 3.9419000148773193, -1.813599944114685]","[-0.0080459676682949, -0.3675139844417572, -0.3216816186904907]","[3.950899839401245, 7.865199565887451, 4.324100017547607]",,,
"[1.3379087448120115, 11.448526382446287, 11.85877799987793]","[-0.4451130032539367, -0.4884929955005646, 0.2466199994087219, 0.7088189721107483, -0.8674184679985046, -0.901868462562561, 0.680256187915802]","[-13.8125, -17.6875, -38.6875]","[-0.477522075176239, -0.3337942063808441, -0.2460565119981765]","[-60.6875, -32.1875, -3.25]","[-2.9036998748779297, 2.593899965286255, 1.9224998950958248]","[-0.4808731079101562, -0.3079458773136139, -0.2431243658065796]","[3.9333999156951904, 7.693199634552002, 4.638099670410156]",,,
"[2.09270453453064, 8.453130722045898, 0.553999125957489]","[-0.4720540046691894, -0.4911350011825561, 0.2420440018177032, 0.6909149885177612, -0.8438196778297424, -0.9242151379585266, 0.7588534355163574]","[-13.1875, -20.0, -38.75]","[0.1506393700838089, -0.063913956284523, -0.0032812189310789]","[-60.0625, -34.5, -3.3125]","[-0.8570999503135681, 1.312600016593933, 1.3223999738693235]","[0.1472883373498916, -0.038065630942583, -0.0003490658418741]","[3.926499843597412, 7.827099800109863, 4.414400100708008]",right,STOP,
"[3.069337844848633, 11.755741119384766, 6.6651225090026855]","[-0.4532560110092163, -0.4921000003814697, 0.2451729923486709, 0.7016299962997437, -0.869525134563446, -0.9110308289527892, 0.6997368335723877]","[-14.3125, -19.3125, -39.0]","[0.5873207449913025, 0.7943691611289978, 0.4589517712593078]","[-61.1875, -33.8125, -3.5625]","[-2.603199958801269, 1.6460999250411987, -0.8265999555587769]","[0.5839697122573853, 0.820217490196228, 0.461883932352066]","[3.878000020980835, 7.748600006103516, 4.592299938201904]",left,START,
"[-0.6000444293022156, 7.124109745025635, 4.141566753387451]","[-0.410535991191864, -0.4820840060710907, 0.2743940055370331, 0.7237129807472229, -0.8875716328620911, -0.9157023429870604, 0.571751058101654]","[-16.0, -18.0625, -38.375]","[0.6212499737739563, 0.6790552735328674, 0.697573184967041]","[-62.875, -32.5625, -2.9375]","[0.5627999901771545, 1.9809999465942385, -1.573799967765808]","[0.6179163455963135, 0.7049036026000977, 0.7005053758621216]","[3.771600008010864, 7.776599884033203, 4.633399963378906]",,,"[45.0, 1.5, 14.307022094726562, 6.855000019073486, 5.397380352020264, 291.3489685058594, 2219.228810371831, 6.6259014, 44.6088799]"
"[1.4648492336273191, 8.144030570983887, 3.948843002319336]","[-0.3561710119247436, -0.4815840125083923, 0.297230988740921, 0.7435529828071594, -0.9516640901565552, -0.9028034806251526, 0.4038082957267761]","[-17.8125, -15.75, -38.4375]","[0.6250373125076294, 0.7237880229949951, 0.736284613609314]","[-64.6875, -30.25, -3.0]","[-2.2109999656677246, 2.970700025558472, -1.6124999523162842]","[0.6216862797737122, 0.7496538162231445, 0.739234209060669]","[3.5249998569488525, 7.6987996101379395, 4.946799755096436]",,,
"[0.9227157831192015, 5.840118885040283, 5.057243824005127]","[-0.2954019904136657, -0.4769569933414459, 0.3338449895381927, 0.7574930191040039, -1.0207594633102417, -0.9068370461463928, 0.2110112309455871]","[-18.9375, -15.5, -38.125]","[0.972916305065155, 1.164710521697998, 1.6116893291473389]","[-65.8125, -30.0, -2.6875]","[0.3813000023365021, 3.2796998023986816, -0.5328999757766724]","[0.9695653319358826, 1.1905763149261477, 1.6146215200424194]","[3.158799886703491, 7.723299980163574, 5.15179967880249]",,,
"[1.571448564529419, 6.996269226074219, 2.994868755340576]","[-0.197734996676445, -0.4612750113010406, 0.3922449946403503, 0.7708879709243774, -1.1235264539718628, -0.9062138199806212, -0.0925593078136444]","[-21.0, -16.9375, -37.125]","[-0.0649262443184852, 0.634322464466095, 1.093605875968933]","[-67.875, -31.4375, -1.6875]","[-0.1738999933004379, 0.1256999969482422, 0.8427000045776367]","[-0.0682772770524025, 0.6601707935333252, 1.096555471420288]","[2.615799903869629, 7.719499588012695, 5.453099727630615]",,,
"[2.3056066036224365, 4.58026123046875, 4.326073169708252]","[-0.1482850015163421, -0.4422259926795959, 0.4373370110988617, 0.768884003162384, -1.180601954460144, -0.9334434866905212, -0.270090788602829]","[-23.0, -18.5625, -35.5]","[-0.1460491567850113, 1.0534807443618774, 1.3191547393798828]","[-69.875, -33.0625, -0.0625]","[0.6535999774932861, -3.419299840927124, 0.4574999809265136]","[-0.1493827253580093, 1.079329013824463, 1.3220869302749634]","[2.219599962234497, 7.88129997253418, 5.396899700164795]",,,
"[3.2723946571350098, 5.000797748565674, 7.054189682006836]","[-0.0995969995856285, -0.4219209849834442, 0.4837949872016907, 0.7602660059928894, -1.2587755918502808, -0.9608344435691832, -0.4648705422878265]","[-23.1875, -19.625, -35.0625]","[0.9740158915519714, 0.4992514252662658, 1.418847918510437]","[-70.0625, -34.125, 0.375]","[4.59089994430542, -3.40939998626709, -1.3255999088287354]","[0.9706648588180542, 0.5250997543334961, 1.4217801094055176]","[1.7243999242782593, 8.038199424743652, 5.346299648284912]",,,
"[8.196492195129395, 4.057425022125244, 8.705336570739746]","[-0.0389459989964962, -0.4237299859523773, 0.512578010559082, 0.7457870244979858, -1.3782552480697632, -0.9232283234596252, -0.6735802888870239]","[-23.375, -19.4375, -34.5625]","[0.4979075193405151, 0.30531045794487, 0.7013779878616333]","[-70.25, -33.9375, 0.875]","[9.429699897766112, 0.4357999861240387, -0.5990999937057495]","[0.4945564866065979, 0.3311587572097778, 0.7043101787567139]","[1.131999969482422, 7.821300029754639, 5.80649995803833]",,,
"[1.4734203815460205, 8.014436721801758, 4.618357658386231]","[-0.0081970002502202, -0.4164539873600006, 0.5345399975776672, 0.7353670001029968, -1.4363430738449097, -0.9157069325447084, -0.7909315228462219]","[-21.9375, -20.875, -34.0625]","[-0.5919109582901001, -0.543268620967865, -0.3006678819656372]","[-68.8125, -35.375, 1.375]","[2.660799980163574, 0.1568999886512756, -4.145499706268311]","[-0.5952619910240173, -0.5174202919006348, -0.2977182567119598]","[0.8007999658584595, 7.776599884033203, 5.920499801635742]",,,
"[3.884285926818848, 8.674068450927734, 4.648974418640137]","[-0.0178890004754066, -0.4092830121517181, 0.5485100150108337, 0.7289050221443176, -1.4616223573684692, -0.9514648914337158, -0.8161964416503906]","[-21.6875, -23.25, -33.5]","[-0.3185051381587982, 0.7196341753005981, 1.3427865505218506]","[-68.5625, -37.75, 1.9375]","[2.370699882507324, -1.8167999982833865, 2.745499849319458]","[-0.3218387067317962, 0.7454999089241028, 1.3457361459732056]","[0.620199978351593, 7.985199928283691, 5.658699989318848]",,,
"[2.0210893154144287, 33.223846435546875, -2.2721548080444336]","[0.0291120000183582, -0.3651570081710815, 0.6106020212173462, 0.7021229863166809, -1.5933138132095337, -0.990270733833313, -1.0920966863632202]","[-21.25, -28.4375, -29.4375]","[-0.3026575446128845, 2.769942283630371, 1.9124096632003784]","[-68.125, -42.9375, 6.0]","[2.955199956893921, -1.364799976348877, -1.729099988937378]","[-0.3060085773468017, 2.7958080768585205, 1.9153417348861688]","[-0.1210999935865402, 8.199999809265137, 5.377199649810791]",,,
"[4.443351268768311, 6.260444641113281, 3.1549642086029053]","[0.1148390024900436, -0.2763969898223877, 0.6571239829063416, 0.6918119788169861, -1.6015623807907104, -1.0079320669174194, -1.363163948059082]","[-23.1875, -32.125, -25.1875]","[-0.4135732054710388, 1.1935434341430664, 0.7165798544883728]","[-70.0625, -46.625, 10.25]","[5.054500102996826, 2.2874999046325684, -2.200199842453003]","[-0.416924238204956, 1.2194092273712158, 0.7195119857788086]","[-0.1608999967575073, 8.293700218200684, 5.230400085449219]",,,"[45.0, 1.5, 10.622004508972168, 6.849999904632568, 5.345071792602539, 310.3194274902344, 2218.4814933333546, 6.62584, 44.6089081]"
"[-0.9547501802444458, 2.833537578582764, 3.208163261413574]","[0.1543249934911728, -0.2387160062789917, 0.6743829846382141, 0.6814720034599304, -1.6149200201034546, -1.0074381828308103, -1.4905965328216553]","[-22.9375, -33.1875, -24.6875]","[0.0697433575987815, -0.3650879859924316, -0.0019547687843441]","[-69.8125, -47.6875, 10.75]","[0.5839999914169312, -2.907299995422364, -4.917999744415283]","[0.0664097741246223, -0.3392396569252014, 0.0009599310578778]","[-0.2309999912977218, 8.291199684143066, 5.231899738311768]",,,
"[3.7285189628601074, 13.298086166381836, 5.093137264251709]","[0.1559250056743621, -0.2526609897613525, 0.6576730012893677, 0.692326009273529, -1.5577194690704346, -0.9824433326721193, -1.4146513938903809]","[-24.0625, -31.75, -25.125]","[-0.6209008693695068, -0.3277553915977478, -0.6703460812568665]","[-70.9375, -46.25, 10.3125]","[7.067999839782715, -4.529200077056885, 0.3339000046253204]","[-0.6242519021034241, -0.3018895983695984, -0.6674138903617859]","[0.0710999965667724, 8.157699584960938, 5.4421000480651855]",,,
"[2.571918487548828, 8.781558990478516, 8.627544403076172]","[0.1217919960618019, -0.2626990079879761, 0.6360039710998535, 0.7152990102767944, -1.4713093042373655, -1.008206844329834, -1.2635105848312378]","[-25.8125, -29.5625, -26.0]","[0.3543018400669098, 0.2584657967090606, -0.3113143742084503]","[-72.6875, -44.0625, 9.4375]","[2.3929998874664307, -0.9793999791145324, 2.4345998764038086]","[0.3509508073329925, 0.2843141257762909, -0.3083822131156921]","[0.5194999575614929, 8.295199394226074, 5.204699993133545]",,,
"[2.1536035537719727, 8.593891143798828, 3.815945863723755]","[0.1203859969973564, -0.2636600136756897, 0.626347005367279, 0.7236559987068176, -1.4283695220947266, -1.002906084060669, -1.2169040441513062]","[-26.125, -29.5625, -24.6875]","[0.3320837914943695, 1.1385829448699951, 0.5640555024147034]","[-73.0, -44.0625, 10.75]","[1.6440999507904053, 3.775099992752075, 3.0555999279022217]","[0.3287327587604522, 1.16443133354187, 0.5669876337051392]","[0.7486000061035156, 8.26729965209961, 5.221099853515625]",,,
"[1.0943704843521118, 4.236597061157227, 4.897560119628906]","[0.1595679968595504, -0.2314240038394928, 0.6360160112380981, 0.7186530232429504, -1.4154984951019287, -0.9978250861167908, -1.3095115423202517]","[-27.9375, -30.1875, -22.5]","[-0.3207740485668182, 0.252392053604126, -0.6711838245391846]","[-74.8125, -44.6875, 12.9375]","[1.4919999837875366, 4.55709981918335, -5.056299686431885]","[-0.3241250813007355, 0.2782403826713562, -0.668251633644104]","[0.8222000002861023, 8.240399360656738, 5.252399921417236]",,,
"[2.6398658752441406, 4.4912543296813965, 5.360732555389404]","[0.1521420031785965, -0.2250899970531463, 0.6158720254898071, 0.7395179867744446, -1.3078246116638184, -1.0017321109771729, -1.2002872228622437]","[-29.0625, -28.375, -23.9375]","[0.5096710324287415, -0.7127924561500549, -0.112207219004631]","[-75.9375, -42.875, 11.5]","[2.4902000427246094, -3.0439999103546143, -1.2582999467849731]","[0.5063199996948242, -0.6869441270828247, -0.1092576086521148]","[1.3736000061035156, 8.261099815368652, 5.102499961853027]",,,
"[3.426466464996338, 10.372352600097656, 5.3177995681762695]","[0.1429280042648315, -0.2650150060653686, 0.6137380003929138, 0.7298370003700256, -1.3841452598571775, -0.9615879654884338, -1.202908635139465]","[-26.875, -27.375, -26.0625]","[0.0990299805998802, -0.6126280426979065, 0.1836435496807098]","[-73.75, -41.875, 9.375]","[2.440000057220459, -1.883799910545349, 0.8700000047683716]","[0.0956789478659629, -0.5867622494697571, 0.1865931451320648]","[1.0411999225616455, 8.042399406433105, 5.513999938964844]",left,STOP,
