time,TotalAcceleration,Orientation,Magnetometer,GyroscopeUncalibrated,MagnetometerUncalibrated,Accelerometer,Gyroscope,Gravity,Behavior,Status,STYLE,SKIER_LEVEL,SLOPE,bearingAccuracy_speedAccuracy_verticalAccuracy_horizontalAccuracy_speed_bearing_altitude_longitude_latitude
2024-03-17 13:08:28.800,"[1.6077256202697754, 9.618666648864746, -3.862287759780884]","[-0.2306980043649673, 0.1468929946422577, 0.667631983757019, 0.6924359798431396, 1.443658471107483, -1.0290489196777344, 1.5667393207550049]","[-26.375, -32.6875, 17.75]","[-0.5215741991996765, 0.5672145485877991, -1.35243821144104]","[-209.4375, -81.1875, -33.0]","[0.9572999477386476, 1.2079999446868896, 1.1618000268936155]","[-0.3739891648292541, 0.7186742424964905, -1.1659672260284424]","[0.6410999894142151, 8.402400016784668, -5.0157999992370605]",left,START,carving_short,expert,blue,
2024-03-17 13:08:28.900,"[-1.8926643133163448, 5.349268913269043, -2.1400716304779053]","[-0.2165980041027069, 0.192111998796463, 0.6323149800300598, 0.7185789942741394, 1.3446608781814575, -0.9711129665374756, 1.380908489227295]","[-28.25, -28.4375, 20.625]","[-0.6533814668655396, 0.7691142559051514, -1.138513207435608]","[-211.4375, -77.375, -30.0]","[-3.123800039291382, -2.760699987411499, 3.265699863433838]","[-0.6391569972038269, 0.3984237611293793, -1.2630598545074463]","[1.240899920463562, 8.095499992370605, -5.393699645996094]",,,carving_short,expert,blue,
2024-03-17 13:08:29.000,"[-0.890556812286377, 4.581409931182861, -7.513196468353271]","[-0.2003020048141479, 0.2440869957208633, 0.5830230116844177, 0.7485870122909546, 1.2470277547836304, -0.8868806958198547, 1.1812889575958252]","[-31.125, -23.5, 24.125]","[-0.4574158787727356, 0.6666110754013062, -0.9422159790992736]","[-214.0625, -72.125, -26.5625]","[-2.8439998626708984, -3.0311999320983887, -1.6277999877929688]","[-0.4195771515369415, 0.7822391390800476, -1.4509620666503906]","[1.971199989318848, 7.601099967956543, -5.874199867248535]",,,carving_short,expert,blue,
2024-03-17 13:08:29.100,"[0.9047496914863586, 13.025999069213867, -4.498991966247559]","[-0.1754069924354553, 0.2913070023059845, 0.5460389852523804, 0.7656450271606445, 1.219124436378479, -0.8241187930107117, 1.0428630113601685]","[-31.1875, -20.4375, 26.8125]","[0.4183554053306579, 0.7171558141708374, -1.2192347049713137]","[-214.5625, -68.75, -23.8125]","[-1.4018999338150024, 5.825599670410156, 1.761599898338318]","[0.1222254037857055, 0.9502619504928588, -0.7771950960159302]","[2.294299840927124, 7.197499752044678, -6.252999782562256]",,,carving_short,expert,blue,"[45.0, 1.5, 21.97593307495117, 9.54800033569336, 4.011394023895264, 114.0390167236328, 2556.5649756835774, 6.6516787, 44.5587927]"
2024-03-17 13:08:29.200,"[-0.7180689573287964, 6.873398780822754, -1.2826792001724243]","[-0.1298509985208511, 0.3209410011768341, 0.5097479820251465, 0.7875850200653076, 1.1646950244903564, -0.8032128214836121, 0.8722096681594849]","[-30.75, -18.0625, 28.9375]","[0.1412494927644729, 0.1831374019384384, -0.9749932885169984]","[-214.1875, -66.375, -21.5]","[-3.3959999084472656, -0.1920999884605407, 4.990799903869629]","[0.1182984188199043, 1.148287057876587, -0.4209559559822082]","[2.68999981880188, 7.056699752807617, -6.255799770355225]",,,carving_short,expert,blue,
2024-03-17 13:08:29.300,"[5.707786560058594, 32.960350036621094, 1.4017380475997925]","[-0.0988759994506836, 0.3444809913635254, 0.4839380085468292, 0.798346996307373, 1.1431940793991089, -0.781829833984375, 0.7647049427032471]","[-31.8125, -16.6875, 30.25]","[0.434988409280777, -0.159453272819519, 0.1975014507770538]","[-215.5, -64.75, -20.3125]","[2.8215999603271484, 26.04069900512696, 7.724999904632568]","[-1.1682884693145752, 0.3376514017581939, 1.212515115737915]","[2.8857998847961426, 6.909499645233154, -6.332399845123291]",,,carving_short,expert,blue,
2024-03-17 13:08:29.400,"[-2.833365201950073, 10.829548835754396, -3.2661890983581543]","[-0.1200200021266937, 0.3451370000839233, 0.5070350170135498, 0.7806339859962463, 1.2121824026107788, -0.787754237651825, 0.866030752658844]","[-31.1875, -17.4375, 29.5]","[-0.4767890572547912, 0.2553940415382385, 0.0757647454738617]","[-214.25, -65.6875, -20.6875]","[-5.252299785614014, 3.865999937057495, 3.2121999263763428]","[1.0371094942092896, -0.0458148941397666, -0.9587791562080384]","[2.427999973297119, 6.950599670410156, -6.47790002822876]",,,carving_short,expert,blue,
2024-03-17 13:08:29.500,"[-0.9131580591201782, 3.7421371936798096, -3.55745792388916]","[-0.0996429994702339, 0.3456659913063049, 0.4947919845581054, 0.7910540103912354, 1.1727895736694336, -0.7950919270515442, 0.794696033000946]","[-30.4375, -17.6875, 30.875]","[0.1712516993284225, 0.0769515633583068, 0.357617974281311]","[-213.9375, -65.75, -19.5625]","[-3.5635998249053955, -3.2746999263763428, 2.7799999713897705]","[-0.5824862122535706, 0.8400095105171204, 0.5701292753219604]","[2.6613998413085938, 7.001199722290039, -6.329999923706055]",,,carving_short,expert,blue,
2024-03-17 13:08:29.600,"[-1.0491487979888916, 8.055588722229004, -1.7116721868515017]","[-0.1117689982056617, 0.3582110106945038, 0.50593501329422, 0.7766730189323425, 1.2379896640777588, -0.7835776805877686, 0.8583344221115112]","[-29.6875, -18.0, 30.8125]","[0.3798359930515289, 0.1472185254096985, -0.3115063607692718]","[-213.0, -66.1875, -19.5]","[-3.309000015258789, 1.129499912261963, 4.869199752807617]","[0.0017627825727686, 0.0657989159226417, 0.0183957703411579]","[2.2695000171661377, 6.92170000076294, -6.565700054168701]",,,carving_short,expert,blue,
2024-03-17 13:08:29.700,"[1.2621561288833618, 8.605957984924316, -4.600822448730469]","[-0.1005920022726059, 0.3578670024871826, 0.5094320178031921, 0.7760729789733887, 1.2415368556976318, -0.8019534945487976, 0.8464860916137695]","[-29.0, -18.25, 30.5625]","[0.2475924044847488, 0.4136081337928772, 0.2405936419963836]","[-212.5, -66.5, -19.8125]","[-0.9591999650001526, 1.5424000024795532, 1.8628000020980835]","[0.3526786863803863, 0.4581838250160217, -0.1351931989192962]","[2.204699993133545, 7.048199653625488, -6.452300071716309]",,,carving_short,expert,blue,
2024-03-17 13:08:29.800,"[2.7302231788635254, 10.501447677612305, -5.147208213806152]","[-0.0786259993910789, 0.3675099909305572, 0.5193120241165161, 0.767507016658783, 1.2839428186416626, -0.8321187496185303, 0.8422767519950867]","[-27.875, -19.5625, 31.4375]","[0.4850793480873108, 0.6673091650009155, 0.5282937288284302]","[-211.25, -67.1875, -18.8125]","[0.8579999804496765, 3.2423999309539795, 1.1943999528884888]","[0.3682295680046081, 0.3750014305114746, 0.3925071060657501]","[1.8680999279022217, 7.2505998611450195, -6.333099842071533]",,,carving_short,expert,blue,
2024-03-17 13:08:29.900,"[0.4186501204967499, 7.50792932510376, -4.499452114105225]","[-0.0592890009284019, 0.3753040134906769, 0.5493279695510864, 0.7442240118980408, 1.3888319730758667, -0.8837824463844299, 0.9096183776855468]","[-23.875, -22.125, 31.3125]","[0.7607715725898743, 0.7714529633522034, 1.56255841255188]","[-207.5625, -70.125, -19.125]","[-0.7233999967575073, -0.089599996805191, 1.625499963760376]","[0.482217013835907, 0.3382971584796905, 0.9035569429397584]","[1.125499963760376, 7.581899642944336, -6.116899967193604]",,,carving_short,expert,blue,
2024-03-17 13:08:30.000,"[0.4151449799537658, 7.131723403930664, -4.263651847839356]","[-0.0458969995379447, 0.3710269927978515, 0.6076030135154724, 0.7007489800453186, 1.594559907913208, -0.9570503830909728, 1.1074209213256836]","[-18.9375, -27.1875, 31.125]","[0.8655960559844971, -0.1827534288167953, 2.6882781982421875]","[-202.625, -75.0, -19.0]","[0.536300003528595, -0.8971999883651733, 1.3902000188827517]","[0.8363966941833496, 0.2681174874305725, 1.6880998611450195]","[-0.1341999918222427, 8.016900062561035, -5.646299839019775]",,,carving_short,expert,blue,
2024-03-17 13:08:30.100,"[-0.691359281539917, 5.5547966957092285, -3.57861328125]","[-0.0502189993858337, 0.3392919898033142, 0.6941099762916565, 0.6329060196876526, 1.941137790679932, -1.0056960582733154, 1.5121655464172363]","[-11.3125, -33.1875, 28.625]","[0.3686659038066864, -1.3736963272094729, 2.3275187015533447]","[-195.4375, -81.0, -21.5]","[1.2142000198364258, -2.7314000129699707, 1.3257999420166016]","[0.8496437072753906, -0.0622209869325161, 2.6144683361053467]","[-1.9005999565124512, 8.281999588012695, -4.895400047302246]",,,carving_short,expert,blue,"[45.0, 1.5, 21.134174346923828, 9.515000343322754, 5.071834564208984, 109.96985626220705, 2556.125987556763, 6.6517514, 44.5587683]"
2024-03-17 13:08:30.200,"[-1.0105446577072144, 10.02027988433838, -6.130190372467041]","[-0.0929609984159469, 0.2857030034065246, 0.7773550152778625, 0.5526760220527649, 2.2502222061157227, -0.9375868439674376, 1.962394952774048]","[-4.8125, -36.875, 24.3125]","[1.5696618556976318, -0.9463000893592834, 2.558146476745605]","[-188.5, -84.5, -25.5]","[2.645900011062622, 2.107100009918213, -1.614799976348877]","[1.2595343589782717, -0.9908583164215088, 2.1613807678222656]","[-3.646199941635132, 7.905399799346924, -4.5142998695373535]",left,STOP,carving_short,expert,blue,
2024-03-17 13:08:30.300,"[0.0006703764665871, 4.604269981384277, -2.99281907081604]","[-0.1392779946327209, 0.197405993938446, 0.8415039777755737, 0.4832209944725036, 2.431113719940185, -0.8606648445129395, 2.3434112071990967]","[0.8125, -40.375, 19.1875]","[1.1190701723098757, -0.5101422667503357, 0.5581388473510742]","[-183.125, -88.1875, -30.6875]","[4.846399784088135, -2.846599817276001, 1.1883999109268188]","[1.6912065744400024, -0.7405955791473389, 1.6465436220169067]","[-4.846399784088135, 7.436100006103516, -4.169600009918213]",right,START,carving_short,expert,blue,
2024-03-17 13:08:30.400,"[2.6694676876068115, 14.553796768188477, -5.728127479553223]","[-0.1545069962739944, 0.1134010031819343, 0.8710610270500183, 0.452237993478775, 2.5414602756500244, -0.8523225784301758, 2.603566884994507]","[3.3125, -41.875, 15.0625]","[0.1707804650068283, -0.4689350724220276, 0.5667956471443176]","[-180.25, -89.9375, -34.9375]","[7.984699726104736, 7.160599708557129, -2.071699857711792]","[0.6326120495796204, -0.855438232421875, 0.5344547033309937]","[-5.327099800109863, 7.382499694824219, -3.6454999446868896]",,,carving_short,expert,blue,
2024-03-17 13:08:30.500,"[1.743093729019165, 14.143305778503418, -3.08005428314209]","[-0.1747239977121353, 0.0943259969353675, 0.880482017993927, 0.4304929971694946, 2.5414650440216064, -0.8112096190452576, 2.6639654636383057]","[5.8125, -41.75, 14.8125]","[1.0950894355773926, 0.5075766444206238, 0.3439520299434662]","[-178.125, -89.9375, -35.5625]","[7.308799743652344, 7.020299911499023, 0.7441999912261963]","[-0.0711047127842903, 0.1457524448633194, 0.8766788840293884]","[-5.572999954223633, 7.110999584197998, -3.813699960708618]",,,carving_short,expert,blue,
2024-03-17 13:08:30.600,"[-5.077680587768555, 6.336762428283691, -5.728156089782715]","[-0.1549070030450821, 0.0687730014324188, 0.8976669907569885, 0.4067769944667816, 2.648104190826416, -0.7880702614784241, 2.779975175857544]","[8.8125, -42.4375, 12.125]","[-0.3846705555915832, 0.0160046685487031, 0.0447327867150306]","[-174.5, -90.5625, -38.0]","[1.0204999446868896, -0.6274999976158142, -2.441200017929077]","[0.6480581760406494, -0.0332136154174804, 0.2842094004154205]","[-6.09060001373291, 6.9527997970581055, -3.276000022888184]",,,carving_short,expert,blue,
2024-03-17 13:08:30.700,"[0.5643133521080017, 8.716397285461426, -5.375509738922119]","[-0.207515999674797, 0.0227850005030632, 0.8811780214309692, 0.4241969883441925, 2.53419828414917, -0.8302937746047974, 2.8153626918792725]","[8.3125, -41.75, 13.5625]","[1.253146409988403, -1.1176215410232544, -0.7517831325531006]","[-174.5, -90.0, -37.625]","[5.981899738311768, 1.4696999788284302, -1.5880999565124512]","[-1.4629873037338257, -2.232328414916992, 0.0670730024576187]","[-5.432699680328369, 7.238499641418457, -3.776000022888184]",,,carving_short,expert,blue,
2024-03-17 13:08:30.800,"[-3.069308996200561, 17.141891479492188, -3.1994102001190186]","[-0.213577002286911, -0.0251240003854036, 0.8719459772109985, 0.4398429989814758, 2.550334453582764, -0.8911108374595642, 2.9103286266326904]","[5.125, -43.5, 11.25]","[0.676437258720398, -0.7624994516372681, -0.0546288043260574]","[-177.6875, -91.4375, -38.5625]","[2.057800054550171, 9.504799842834473, 0.2387999892234802]","[1.194416046142578, -0.6650751829147339, -0.3176150023937225]","[-5.117499828338623, 7.627299785614014, -3.4357998371124268]",,,carving_short,expert,blue,
2024-03-17 13:08:30.900,"[-1.3971412181854248, 13.06778335571289, -4.484952449798584]","[-0.2492969930171966, -0.033865001052618, 0.8659949898719788, 0.4321529865264892, 2.465930223464966, -0.8716152906417847, 2.895457983016968]","[4.0, -43.125, 8.5]","[-0.0537910461425781, -0.3987728357315063, -0.0474380478262901]","[-179.5, -91.5625, -41.875]","[3.5419998168945312, 5.556699752807617, -0.5342999696731567]","[-0.2170491516590118, -0.8952317237854004, 0.2985211014747619]","[-4.924699783325195, 7.505699634552002, -3.947199821472168]",,,carving_short,expert,blue,
2024-03-17 13:08:31.000,"[-0.5690634250640869, 6.957425594329834, 1.2553660869598389]","[-0.2571490108966827, -0.038341000676155, 0.8619449734687805, 0.4352630078792572, 2.443778276443481, -0.8789418339729309, 2.891714572906494]","[3.6875, -44.1875, 8.6875]","[0.1896649301052093, 0.0586256086826324, -0.0646469965577125]","[-179.3125, -92.375, -41.625]","[4.234899997711182, -0.6085999608039856, 5.265399932861328]","[-0.0489215776324272, -0.4060682952404022, -0.1162738353013992]","[-4.793799877166748, 7.551699638366699, -4.019899845123291]",,,carving_short,expert,blue,
2024-03-17 13:08:31.100,"[-0.9954611659049988, 9.542080879211426, -6.803229331970215]","[-0.2672719955444336, -0.0308759994804859, 0.8594939708709717, 0.4346039891242981, 2.40743088722229, -0.8688449263572693, 2.8603105545043945]","[2.75, -43.9375, 8.9375]","[-0.4449716806411743, -0.0738274306058883, 0.097302109003067]","[-180.0, -92.1875, -41.375]","[3.7202999591827393, 2.043799877166748, -2.5535998344421387]","[0.015114551410079, 0.2964965403079986, -0.1807637512683868]","[-4.700999736785889, 7.488199710845947, -4.242300033569336]",,,carving_short,expert,blue,"[45.0, 1.5, 25.65785026550293, 10.32800006866455, 5.881247997283936, 108.38526916503906, 2555.811133517884, 6.6518371, 44.5587458]"
2024-03-17 13:08:31.200,"[-2.593025922775269, 10.275434494018556, -7.310886383056641]","[-0.2890549898147583, -0.0242129992693662, 0.8471959829330444, 0.4451049864292145, 2.321327209472656, -0.8759937882423401, 2.796974897384644]","[2.875, -43.9375, 10.375]","[-0.5530250072479248, -0.6198362112045288, -0.421619176864624]","[-180.3125, -92.1875, -40.0]","[1.702899932861328, 2.724400043487549, -2.7142999172210693]","[-0.2760412693023681, -0.3585953414440155, -0.2215695530176162]","[-4.282099723815918, 7.533199787139893, -4.591599941253662]",,,carving_short,expert,blue,
2024-03-17 13:08:31.300,"[-1.4844433069229126, 12.617270469665527, -3.779764652252197]","[-0.3209100067615509, -0.0179639998823404, 0.8138970136642456, 0.4840079843997955, 2.1433494091033936, -0.9262875318527222, 2.6541340351104736]","[0.0, -43.875, 11.0]","[-0.3524692356586456, -1.0540043115615845, -1.1874696016311646]","[-188.5, -91.25, -38.9375]","[1.7111999988555908, 4.771899700164795, 1.1863999366760254]","[-0.0020943949930369, -0.3399377763271332, -0.8465545177459717]","[-3.1920998096466064, 7.839399814605713, -4.952199935913086]",right,STOP,carving_short,expert,blue,
2024-03-17 13:08:31.400,"[-0.667656660079956, 6.559078216552734, -6.868936061859131]","[-0.3373560011386871, -0.0117840003222227, 0.758866012096405, 0.5569319725036621, 1.866598129272461, -1.0221365690231323, 2.385334253311157]","[-6.0625, -42.9375, 11.375]","[0.3859620988368988, -0.2623578906059265, -2.084254741668701]","[-197.3125, -89.75, -40.3125]","[0.8337999582290649, -1.826200008392334, -1.9721999168396]","[0.090268425643444, -0.7409795522689819, -1.562645673751831]","[-1.490899920463562, 8.367199897766113, -4.892399787902832]",left,START,carving_short,expert,blue,
2024-03-17 13:08:31.500,"[-1.0351283550262451, 5.397526741027832, -2.8938426971435547]","[-0.3345859944820404, 0.0270189996808767, 0.7030259966850281, 0.6269559860229492, 1.550873637199402, -1.042074203491211, 2.005397081375122]","[-14.9375, -41.1875, 10.0]","[-0.3717202246189117, 0.5146801471710205, -1.6676446199417114]","[-204.3125, -86.625, -39.5]","[-1.1281999349594116, -3.083699941635132, 2.062599897384644]","[0.3156951665878296, 1.74532924575e-05, -2.1045353412628174]","[0.0984999984502792, 8.467499732971191, -4.945699691772461]",,,carving_short,expert,blue,
2024-03-17 13:08:31.600,"[0.024650702252984, 5.08577299118042, -6.24993896484375]","[-0.3525820076465606, 0.0997940003871917, 0.658715009689331, 0.6571300029754639, 1.3844987154006958, -0.9195874333381652, 1.7640955448150637]","[-21.5625, -37.9375, 11.25]","[-1.3883745670318604, 0.082798421382904, -1.3311800956726074]","[-209.6875, -80.8125, -33.9375]","[-1.091099977493286, -2.719799995422364, -0.3955999910831451]","[-1.0744072198867798, 0.1818807572126388, -1.3671512603759766]","[1.1008999347686768, 7.799699783325195, -5.841399669647217]",,,carving_short,expert,blue,
2024-03-17 13:08:31.700,"[-0.5096872448921204, 15.157307624816896, -7.175662040710449]","[-0.3602829873561859, 0.1924140006303787, 0.6038939952850342, 0.6844589710235596, 1.2964800596237185, -0.758776843547821, 1.5556148290634155]","[-27.0, -31.8125, 16.6875]","[-1.623313307762146, 0.7030535340309143, -0.9427919387817384]","[-214.4375, -74.9375, -29.625]","[-2.427799940109253, 8.394100189208984, -0.3181999921798706]","[-0.7618362307548523, 0.5754175782203674, -2.17035174369812]","[1.92769992351532, 6.747299671173096, -6.850299835205078]",,,carving_short,expert,blue,
2024-03-17 13:08:31.800,"[-4.224118709564209, 10.238813400268556, -7.158337593078613]","[-0.3369739949703216, 0.2376240044832229, 0.5578230023384094, 0.7202879786491394, 1.2176650762557983, -0.698983907699585, 1.372816801071167]","[-31.5625, -25.875, 21.0625]","[0.1718451231718063, 0.6146525740623474, -1.809417724609375]","[-217.1875, -70.0, -27.3125]","[-6.812999725341797, 3.918299913406372, -0.1052999943494796]","[-0.2278527319431305, 0.4784820079803467, -1.6353734731674194]","[2.596099853515625, 6.309899806976318, -7.043699741363525]",,,carving_short,expert,blue,
2024-03-17 13:08:31.900,"[7.287097454071045, 19.07766914367676, 0.0577002614736557]","[-0.3072710037231445, 0.2652400135993957, 0.5223010182380676, 0.7499539852142334, 1.159298539161682, -0.6692556142807007, 1.225347638130188]","[-34.25, -21.375, 22.9375]","[0.4811349213123321, 0.354703277349472, -0.8298168182373047]","[-218.8125, -67.625, -26.5625]","[4.200200080871582, 12.98979949951172, 7.098099708557129]","[-0.0749618932604789, 0.2449045926332473, -1.0427120923995972]","[3.076299905776977, 6.083999633789063, -7.049099922180176]",,,carving_short,expert,blue,
2024-03-17 13:08:32.000,"[-1.7039629220962524, 21.846553802490234, -8.040035247802734]","[-0.3002359867095947, 0.281462013721466, 0.523468017578125, 0.7460669875144958, 1.1905272006988523, -0.6586810946464539, 1.2201011180877686]","[-35.3125, -19.375, 24.125]","[0.3386811316013336, 0.2116735279560089, -0.0910014659166336]","[-218.5625, -66.625, -25.25]","[-4.565099716186523, 15.836999893188477, -0.8305000066757202]","[0.0458672530949115, 1.0819470882415771, 0.2139250040054321]","[2.8783998489379883, 6.002399921417236, -7.201099872589111]",,,carving_short,expert,blue,
2024-03-17 13:08:32.100,"[-4.254850387573242, 8.126495361328125, -6.38661003112793]","[-0.2874409854412079, 0.287075012922287, 0.5036180019378662, 0.7624520063400269, 1.1472148895263672, -0.6471747756004333, 1.147792935371399]","[-35.3125, -18.375, 24.9375]","[-0.0523598790168762, 0.0894830301403999, 0.1869247555732727]","[-218.5625, -66.1875, -24.8125]","[-7.461899757385254, 2.207099914550781, 0.7577999830245972]","[0.6464699506759644, 0.318417876958847, -0.7343822121620178]","[3.2156999111175537, 5.912699699401856, -7.132199764251709]",,,carving_short,expert,blue,"[45.0, 1.5, 24.14215469360352, 11.093000411987305, 6.311124324798584, 112.4163055419922, 2555.3739543212578, 6.6519353, 44.5587073]"
2024-03-17 13:08:32.200,"[4.2062578201293945, 16.062650680541992, -1.5179238319396973]","[-0.2715680003166199, 0.293841004371643, 0.5012739896774292, 0.7672230005264282, 1.148690938949585, -0.655533492565155, 1.113577365875244]","[-35.0, -17.8125, 25.5625]","[-0.0997455641627311, -0.0966388806700706, -0.3273888528347015]","[-218.3125, -66.1875, -24.5625]","[1.0124000310897827, 10.075499534606934, 5.581399917602539]","[-1.0753672122955322, 0.7879812717437744, 1.196772217750549]","[3.184799909591675, 5.97790002822876, -7.091599941253662]",,,carving_short,expert,blue,
2024-03-17 13:08:32.300,"[-6.018362522125244, 1.735556721687317, -3.815993547439575]","[-0.2783499956130981, 0.3190419971942901, 0.5155979990959167, 0.7449100017547607, 1.236554503440857, -0.6317247152328491, 1.172012448310852]","[-34.5625, -18.25, 26.25]","[0.6646388173103333, 0.2475051432847976, -0.1022762954235076]","[-217.125, -65.5, -22.6875]","[-8.607600212097168, -4.065199851989746, 3.671099901199341]","[0.6978349685668945, 0.6511823534965515, -1.1055090427398682]","[2.596199989318848, 5.791199684143066, -7.47599983215332]",,,carving_short,expert,blue,
2024-03-17 13:08:32.400,"[0.2296422570943832, 10.65320110321045, -1.7606863975524902]","[-0.2573620080947876, 0.330269992351532, 0.498989999294281, 0.758745014667511, 1.2124853134155271, -0.6276131868362427, 1.0966796875]","[-33.9375, -17.25, 27.4375]","[-0.417639821767807, 0.1958259344100952, 0.3321710526943207]","[-216.5, -65.25, -22.4375]","[-2.567899942398072, 4.8815999031066895, 5.68809986114502]","[-0.3682470321655273, 0.4535936117172241, 1.006095051765442]","[2.783699989318848, 5.758599758148193, -7.433599948883057]",,,carving_short,expert,blue,
2024-03-17 13:08:32.500,"[-3.7244391441345215, 6.970249176025391, -4.743650913238525]","[-0.2528139948844909, 0.3386259973049164, 0.517238974571228, 0.7442309856414795, 1.272255778312683, -0.6418418884277344, 1.1364144086837769]","[-32.9375, -17.375, 27.8125]","[0.6442010402679443, 0.4351280331611633, -0.1355597227811813]","[-215.375, -66.375, -21.75]","[-6.017199993133545, 1.0819000005722046, 2.770900011062622]","[0.8603251576423645, 0.0714014172554016, -0.732270359992981]","[2.310299873352051, 5.870899677276611, -7.507599830627441]",,,carving_short,expert,blue,
2024-03-17 13:08:32.600,"[1.6734224557876587, 6.310359001159668, 1.7326358556747437]","[-0.2239779978990554, 0.3436099886894226, 0.5109549760818481, 0.7554399967193604, 1.258255958557129, -0.6662846207618713, 1.069882035255432]","[-32.3125, -18.0625, 28.375]","[-0.056025069206953, 0.1634849905967712, -0.0192160755395889]","[-214.875, -66.75, -21.125]","[-0.7129999995231628, 0.2345999926328659, 9.051899909973145]","[-0.187710165977478, 0.339169830083847, 0.4218111634254455]","[2.370300054550171, 6.06119966506958, -7.335700035095215]",,,carving_short,expert,blue,
2024-03-17 13:08:32.700,"[-0.9108405113220216, 9.05678653717041, -3.1623380184173584]","[-0.2065999954938888, 0.3356019854545593, 0.5297859907150269, 0.7510079741477966, 1.283786654472351, -0.7169336080551147, 1.083023190498352]","[-31.0, -19.875, 28.5625]","[0.7345916032791138, 0.0205250717699527, 0.1825090795755386]","[-214.3125, -67.9375, -21.75]","[-2.994799852371216, 2.597899913787842, 3.932299852371216]","[0.4501378536224365, 0.0516093857586383, 0.1596976220607757]","[2.092599868774414, 6.443699836730957, -7.089999675750732]",,,carving_short,expert,blue,
2024-03-17 13:08:32.800,"[-0.0749768242239952, 13.95211410522461, -8.078237533569336]","[-0.1927119940519333, 0.332177996635437, 0.532725989818573, 0.7541360259056091, 1.279573917388916, -0.7415969371795654, 1.063663125038147]","[-30.5625, -20.125, 28.5625]","[0.1393819898366928, 0.2205572575330734, -0.1747423708438873]","[-214.0625, -68.4375, -21.9375]","[-2.1350998878479004, 7.311100006103516, -1.1439999341964722]","[-0.0324980318546295, 0.3989473581314087, -0.0011868239380419]","[2.076200008392334, 6.62399959564209, -6.926799774169922]",,,carving_short,expert,blue,
2024-03-17 13:08:32.900,"[1.2886263132095337, 9.22391128540039, -5.094535827636719]","[-0.1826159954071045, 0.3391450047492981, 0.5454559922218323, 0.7443839907646179, 1.327308177947998, -0.7589924931526184, 1.085778832435608]","[-29.75, -22.3125, 28.0625]","[0.2604380249977112, 0.2700722515583038, 0.5261993408203125]","[-212.875, -70.125, -21.875]","[-0.4403999745845794, 2.469399929046631, 1.8252999782562256]","[1.3455091714859009, 0.1112298294901847, 0.0139277270063757]","[1.7152999639511108, 6.748799800872803, -6.905099868774414]",,,carving_short,expert,blue,
2024-03-17 13:08:33.000,"[0.5602623224258423, 5.603763103485107, -6.013181209564209]","[-0.1190359964966774, 0.3162069916725158, 0.5904110074043274, 0.7329779863357544, 1.4021520614624023, -0.9111948609352112, 1.1063493490219116]","[-24.9375, -26.875, 27.0625]","[1.6680285930633545, 0.842784583568573, 0.7687477469444275]","[-208.9375, -74.6875, -23.0625]","[-0.4593999981880188, -2.149899959564209, -0.0773999989032745]","[1.1073939800262451, 0.958534836769104, 1.3429784774780271]","[1.0085999965667725, 7.749499797821045, -5.924200057983398]",,,carving_short,expert,blue,
2024-03-17 13:08:33.100,"[-1.0279552936553955, 6.650440692901611, -4.2248945236206055]","[-0.0787319988012313, 0.3010900020599365, 0.6590099930763245, 0.6847270131111145, 1.6671810150146484, -1.0256916284561155, 1.3391985893249512]","[-18.8125, -32.5625, 24.375]","[1.093204379081726, 0.1521228998899459, 1.061928153038025]","[-202.8125, -80.375, -25.5625]","[-0.5304999947547913, -1.7462999820709229, 0.8442999720573425]","[1.2105079889297483, 0.1265887320041656, 1.3824752569198608]","[-0.4892999827861786, 8.38539981842041, -5.06119966506958]",left,STOP,carving_short,expert,blue,"[45.0, 1.5, 23.82408905029297, 11.67300033569336, 7.075417518615723, 113.7143096923828, 2554.7291241353378, 6.6520493, 44.5586557]"
2024-03-17 13:08:33.200,"[1.4518057107925415, 4.575855731964111, -0.9265081882476808]","[-0.0678230002522468, 0.2546389997005462, 0.7294110059738159, 0.6312819719314575, 2.0026426315307617, -1.0894821882247925, 1.7297589778900146]","[-12.125, -37.75, 21.3125]","[1.1485837697982788, -0.2305929064750671, 1.6586037874221802]","[-196.375, -85.625, -28.6875]","[3.3416998386383057, -4.132400035858154, 3.211099863052368]","[0.7821169495582581, -0.5573011040687561, 2.4751734733581543]","[-1.9000999927520752, 8.692399978637695, -4.1230998039245605]",right,START,carving_short,expert,blue,
2024-03-17 13:08:33.300,"[6.436341762542725, 6.53641939163208, 9.796537399291992]","[-0.0830530002713203, 0.1850370019674301, 0.7990409731864929, 0.5660349726676941, 2.3608627319335938, -1.0630336999893188, 2.2117207050323486]","[-5.0, -41.0625, 16.75]","[1.6617803573608398, -0.8424704074859619, 1.5416144132614136]","[-189.25, -89.3125, -33.6875]","[9.820499420166016, -2.038100004196167, 13.142799377441406]","[-1.101040959358215, -2.1078341007232666, 2.8979620933532715]","[-3.3873000144958496, 8.569299697875977, -3.355799913406372]",,,carving_short,expert,blue,
2024-03-17 13:08:33.400,"[-7.491993427276611, 9.742341995239258, 0.0019728222396224]","[-0.1156139969825744, 0.1469970047473907, 0.8595889806747437, 0.4755319952964782, 2.5653350353240967, -0.9003337025642395, 2.5183322429656982]","[2.375, -42.1875, 13.1875]","[2.131378650665283, -0.0277681890875101, 2.0387191772460938]","[-180.9375, -90.0, -36.0625]","[-2.37310004234314, 2.0541000366210938, 3.3200998306274414]","[2.852147340774536, -0.7185869812965393, 0.481082558631897]","[-5.109299659729004, 7.683799743652344, -3.3200998306274414]",,,carving_short,expert,blue,
2024-03-17 13:08:33.500,"[-1.7729254961013794, 21.87906837463379, -14.263945579528809]","[-0.1694100052118301, 0.1170670017600059, 0.8786489963531494, 0.4307790100574493, 2.532579183578491, -0.7999804019927979, 2.6124846935272217]","[5.8125, -42.0625, 14.6875]","[-1.0384883880615234, 0.4872784614562988, 1.4332993030548096]","[-177.6875, -90.3125, -35.5]","[3.838799953460693, 14.833999633789062, -10.350199699401855]","[0.5434082746505737, -0.0104021625593304, 0.4872435629367828]","[-5.604000091552734, 7.0346999168396, -3.908499956130981]",,,carving_short,expert,blue,
2024-03-17 13:08:33.600,"[-2.643303871154785, -3.4862163066864014, -5.5117011070251465]","[-0.1664720028638839, 0.0694250017404556, 0.8924049735069275, 0.4136169850826263, 2.609632968902588, -0.7967858910560608, 2.7579753398895264]","[8.25, -43.0625, 9.6875]","[1.5905883312225342, -0.0236317571252584, 0.7644716501235962]","[-175.0625, -91.25, -39.5625]","[3.269599914550781, -10.494199752807615, -2.024499893188477]","[2.3272221088409424, 0.6571164727210999, 0.1330464482307434]","[-5.907599925994873, 7.012799739837647, -3.4768998622894287]",,,carving_short,expert,blue,
2024-03-17 13:08:33.700,"[-6.118190765380859, 28.848012924194336, -9.255102157592772]","[-0.1254760026931762, -0.0125749995931983, 0.907073974609375, 0.4016389846801758, 2.8167288303375244, -0.8209421634674072, 3.026923656463623]","[11.0, -43.5625, 5.0]","[1.0108073949813845, -0.0389557480812072, 0.4752357006072998]","[-172.25, -91.6875, -45.3125]","[0.2243999987840652, 21.664899826049805, -7.1143999099731445]","[0.2836334705352783, -1.3648300170898438, 0.3674441576004028]","[-6.333899974822998, 7.176300048828125, -2.13319993019104]",,,carving_short,expert,blue,
2024-03-17 13:08:33.800,"[-4.909023284912109, 9.032729148864746, -10.221671104431152]","[-0.1970240026712417, -0.0137069998309016, 0.9125270247459412, 0.3581709861755371, 2.657883882522583, -0.7195982933044434, 2.9865705966949463]","[14.25, -42.875, 7.3125]","[-0.9169960021972656, -0.5340881943702698, 1.1624765396118164]","[-168.875, -91.0625, -42.5]","[1.6258000135421753, 2.5586998462677, -6.77869987487793]","[1.360309600830078, -0.5133187770843506, 0.1479341089725494]","[-6.529099941253662, 6.463399887084961, -3.4298999309539795]",,,carving_short,expert,blue,
2024-03-17 13:08:33.900,"[-5.2365593910217285, 7.557393550872803, -5.936643600463867]","[-0.2138170003890991, -0.0911889970302581, 0.9056299924850464, 0.3546819984912872, 2.685142040252685, -0.7496967315673828, -3.1231558322906494]","[14.6875, -42.875, 3.3125]","[0.7686953544616699, -1.0049082040786743, 0.660153329372406]","[-168.6875, -91.125, -46.625]","[1.2156000137329102, 0.8685999512672424, -2.7595999240875244]","[1.0765714645385742, -0.7928332686424255, 0.156521126627922]","[-6.442599773406982, 6.682399749755859, -3.1634998321533203]",,,carving_short,expert,blue,
2024-03-17 13:08:34.000,"[-0.3435296416282654, 12.649304389953612, -0.1166742369532585]","[-0.1876139938831329, -0.1775870025157928, 0.8827700018882751, 0.3924030065536499, 2.842219829559326, -0.8624500632286072, -2.8831100463867188]","[12.625, -43.0, -6.0]","[2.639391660690308, 0.7329335808753967, -0.7132636904716492]","[-170.625, -91.25, -55.875]","[5.762700080871582, 5.193199634552002, 1.7736999988555908]","[0.7382218837738037, -0.0510334260761737, -0.3234618604183197]","[-6.096199989318848, 7.447499752044678, -1.881500005722046]",,,carving_short,expert,blue,
2024-03-17 13:08:34.100,"[-0.0520690977573394, 4.709203243255615, -3.234508991241455]","[-0.1902599930763244, -0.1736550033092498, 0.8786240220069885, 0.4020749926567077, 2.829906225204468, -0.8829650282859802, -2.899566650390625]","[12.125, -43.9375, -3.125]","[-0.4784820079803467, 0.124372161924839, 0.0509636141359806]","[-171.125, -92.1875, -54.0625]","[5.886600017547607, -2.87940001487732, -1.317099928855896]","[-1.028958797454834, -0.2189515531063079, -0.2468419224023819]","[-5.92579984664917, 7.5767998695373535, -1.909199953079224]",,,carving_short,expert,blue,"[45.0, 1.5, 26.016714096069336, 11.895000457763672, 8.293889045715332, 112.32636260986328, 2554.037272547372, 6.6521831, 44.5586075]"
2024-03-17 13:08:34.200,"[-3.4086058139801025, 28.648826599121094, -4.95478105545044]","[-0.236627995967865, -0.1122549995779991, 0.8874449729919434, 0.3792699873447418, 2.632805347442627, -0.8129060864448547, -3.112859010696411]","[11.125, -44.125, 3.375]","[-1.3957223892211914, -0.5685409903526306, 0.0778591409325599]","[-172.0625, -92.1875, -47.625]","[2.49399995803833, 21.51289939880371, -1.6588000059127808]","[-1.493006944656372, -0.739757776260376, -0.1349488645792007]","[-5.887099742889404, 7.122399806976318, -3.283599853515625]",,,carving_short,expert,blue,
2024-03-17 13:08:34.300,"[3.436119794845581, -1.699270248413086, -3.735471725463867]","[-0.2414059937000274, -0.1123889982700347, 0.8732559680938721, 0.408062994480133, 2.601645946502685, -0.8740740418434143, 3.1404566764831543]","[7.9375, -44.5625, 0.875]","[1.7777574062347412, 0.7733902931213379, -1.1539593935012815]","[-174.875, -92.75, -49.0]","[8.820199966430664, -9.207900047302246, -0.4912999868392944]","[1.1957250833511353, 0.1728748679161071, -1.0032501220703125]","[-5.39769983291626, 7.521199703216553, -3.235100030899048]",,,carving_short,expert,blue,
2024-03-17 13:08:34.400,"[-4.755037784576416, 29.84749794006348, -4.858927249908447]","[-0.2534030079841614, -0.1014449968934059, 0.8589299917221069, 0.4332830011844635, 2.530691385269165, -0.9202160835266112, 3.066689968109131]","[4.9375, -45.1875, 3.875]","[-1.6307134628295898, -0.5908986926078796, -0.5076115727424622]","[-177.5625, -93.5, -47.0]","[0.118599995970726, 22.02829933166504, -1.4473999738693235]","[-1.4176087379455566, -2.0281424522399902, -0.9635438919067384]","[-4.865099906921387, 7.803400039672852, -3.406800031661988]",,,carving_short,expert,blue,
2024-03-17 13:08:34.500,"[0.953208327293396, 13.871363639831545, -10.0349702835083]","[-0.3034609854221344, -0.1002850010991096, 0.808804988861084, 0.4936459958553314, 2.2683682441711426, -1.0340791940689087, 2.8695626258850098]","[-3.75, -44.625, 1.625]","[1.753829002380371, 0.1742362231016159, -1.9824671745300293]","[-186.1875, -92.875, -48.1875]","[4.162399768829346, 5.438799858093262, -6.179399967193604]","[1.5930842161178589, 0.2577327787876129, -1.7766579389572144]","[-3.220899820327759, 8.42770004272461, -3.842899799346924]",,,carving_short,expert,blue,
2024-03-17 13:08:34.600,"[-5.249699115753174, -19.056264877319336, -11.50359344482422]","[-0.2664699852466583, -0.1078829988837242, 0.7676129937171936, 0.5728210210800171, 2.1859500408172607, -1.213668942451477, 2.730628967285156]","[-11.0, -43.3125, -1.5]","[0.4436976015567779, 0.40889573097229, -1.2163374423980713]","[-193.625, -91.25, -51.25]","[-3.2681000232696533, -28.232398986816406, -8.693599700927734]","[0.8654215335845947, 0.4449193179607391, -1.8102205991744995]","[-1.9782999753952024, 9.187899589538574, -2.7997000217437744]",right,STOP,carving_short,expert,blue,
2024-03-17 13:08:34.700,"[-2.091076612472534, 7.087469100952148, -10.28007984161377]","[-0.3509399890899658, -0.066841997206211, 0.7436429858207703, 0.5651249885559082, 1.8228158950805664, -1.091712236404419, 2.4408037662506104]","[-13.0, -42.9375, 3.6875]","[-2.952433824539185, -1.1639775037765503, -0.300685316324234]","[-195.8125, -91.125, -46.25]","[-0.95169997215271, -1.6222000122070312, -5.889800071716309]","[-0.0589397698640823, -0.4790230691432953, -1.2637405395507812]","[-1.1272000074386597, 8.70259952545166, -4.377599716186523]",left,START,carving_short,expert,blue,
2024-03-17 13:08:34.800,"[4.7627854347229, 7.945713996887207, -2.6628310680389404]","[-0.3768660128116607, -0.0157249998301267, 0.6959959864616394, 0.6109939813613892, 1.5101546049118042, -1.0398951768875122, 2.093761920928955]","[-20.6875, -39.1875, 7.75]","[-1.4317808151245115, 0.5425530672073364, -2.0861570835113525]","[-203.5, -87.0625, -42.75]","[4.4552998542785645, -0.5231999754905701, 2.2983999252319336]","[-1.077688455581665, 0.600166380405426, -1.531473994255066]","[0.3008999824523926, 8.45669937133789, -4.955999851226807]",,,carving_short,expert,blue,
2024-03-17 13:08:34.900,"[-2.2308690547943115, 14.592180252075195, -4.389644622802734]","[-0.4128589928150177, 0.0592160001397132, 0.6433029770851135, 0.6420289874076843, 1.3049994707107544, -0.890112578868866, 1.841987490653992]","[-28.125, -33.8125, 11.375]","[-1.4759551286697388, -0.5870938301086426, -1.8431549072265625]","[-210.4375, -82.125, -39.0625]","[-3.837399959564209, 6.961299896240234, 1.5712000131607056]","[0.1304808109998703, 0.0137008344754576, -2.513291597366333]","[1.6210999488830566, 7.621099948883057, -5.954799652099609]",,,carving_short,expert,blue,
2024-03-17 13:08:35.000,"[1.7840346097946167, 10.395997047424316, 1.6763434410095217]","[-0.4072870016098022, 0.1257829964160919, 0.554485023021698, 0.714730978012085, 1.0605175495147705, -0.76170414686203, 1.4970381259918213]","[-35.1875, -25.875, 13.8125]","[-0.4952720701694488, 1.044544696807861, -2.853700637817383]","[-218.125, -74.1875, -36.9375]","[-1.691100001335144, 3.6171000003814697, 7.859699726104736]","[-0.7277848124504089, 1.3682857751846311, -1.975677847862244]","[3.466099977493286, 6.768099784851074, -6.192599773406982]",,,carving_short,expert,blue,
2024-03-17 13:08:35.100,"[2.9463047981262207, 14.197223663330078, -0.4196748435497284]","[-0.3789609968662262, 0.2330199927091598, 0.5269870162010193, 0.724137008190155, 1.1430201530456543, -0.626867413520813, 1.3752663135528564]","[-36.3125, -20.6875, 21.25]","[-0.7856250405311584, 1.829209804534912, -0.6014578938484192]","[-219.625, -68.75, -29.125]","[-0.3624999821186065, 8.4375, 6.824299812316895]","[-0.6808704137802124, 0.4052479863166809, -0.6023131012916565]","[3.2946999073028564, 5.752599716186523, -7.226399898529053]",,,carving_short,expert,blue,"[45.0, 1.5, 25.70782852172852, 12.534000396728516, 8.911746978759766, 114.45480346679688, 2553.4985089395195, 6.6523274, 44.5585508]"
2024-03-17 13:08:35.200,"[-5.956821918487549, 12.332878112792969, -1.5168416500091553]","[-0.3589679896831512, 0.2284779995679855, 0.5135149955749512, 0.7451450228691101, 1.0919075012207031, -0.6450691223144531, 1.2985167503356934]","[-37.0625, -22.0625, 19.0625]","[1.535051941871643, -0.7823787331581116, -0.4709421992301941]","[-220.625, -69.4375, -31.0]","[-9.563399314880373, 6.420799732208252, 5.444299697875977]","[1.555070877075195, 0.1884082853794098, 0.4771381020545959]","[3.6106998920440674, 5.896199703216553, -6.9544997215271]",,,carving_short,expert,blue,
2024-03-17 13:08:35.300,"[1.8875694274902344, 0.0023175871465355, -3.0716938972473145]","[-0.2899760007858276, 0.2025170028209686, 0.5325469970703125, 0.7689560055732727, 1.0561569929122925, -0.7775847315788269, 1.1903520822525024]","[-36.0, -22.9375, 17.875]","[1.4364408254623413, 0.1876927018165588, -0.0264068320393562]","[-219.5, -70.5625, -32.6875]","[-1.556899905204773, -6.879899978637695, 3.023399829864502]","[-0.2574186027050018, 1.056535005569458, 0.5296376347541809]","[3.43969988822937, 6.879899978637695, -6.083099842071533]",,,carving_short,expert,blue,
2024-03-17 13:08:35.400,"[-0.9530646204948424, 18.030961990356445, -4.523231029510498]","[-0.3124000132083893, 0.2107010036706924, 0.5639740228652954, 0.7348080277442932, 1.1769903898239136, -0.7714553475379944, 1.3332780599594116]","[-34.25, -25.1875, 19.0625]","[-0.448026031255722, 0.266110360622406, 1.5045087337493896]","[-217.4375, -73.0, -30.875]","[-3.638999938964844, 11.177800178527832, 1.981099963188172]","[0.1097986623644828, -0.3080680668354034, 0.0352556519210338]","[2.697499990463257, 6.836999893188477, -6.492199897766113]",,,carving_short,expert,blue,
2024-03-17 13:08:35.500,"[5.40163516998291, 13.597504615783691, -5.078638076782227]","[-0.2796109914779663, 0.2055120021104812, 0.5513409972190857, 0.7586849927902222, 1.1103841066360474, -0.8061994314193726, 1.2233895063400269]","[-34.8125, -23.875, 18.625]","[1.2654858827590942, 0.6113888621330261, -1.176247239112854]","[-218.0625, -71.6875, -31.5]","[2.3773000240325928, 6.505099773406982, 1.0116000175476074]","[-0.1422966867685318, 0.1646194607019424, -0.304210901260376]","[3.016199827194214, 7.076999664306641, -6.081699848175049]",,,carving_short,expert,blue,
2024-03-17 13:08:35.600,"[0.652716875076294, 11.827691078186035, -0.4123677313327789]","[-0.2868379950523376, 0.2321390062570572, 0.543857991695404, 0.7536919713020325, 1.1444358825683594, -0.7568437457084656, 1.2286970615386963]","[-35.625, -22.0625, 20.5]","[-0.2893581390380859, 0.3023084700107574, -0.1990373432636261]","[-219.0625, -70.0625, -29.6875]","[-2.3011999130249023, 5.093199729919434, 6.089099884033203]","[-0.595087468624115, 0.3665889501571655, -0.4075867533683777]","[2.948400020599365, 6.733500003814697, -6.491199970245361]",,,carving_short,expert,blue,
2024-03-17 13:08:35.700,"[-7.811532974243164, 6.876424789428711, -9.08839988708496]","[-0.2645710110664367, 0.2589229941368103, 0.5206339955329895, 0.769349992275238, 1.1228795051574707, -0.7262793183326721, 1.131636142730713]","[-35.875, -20.875, 22.4375]","[-0.4494222700595855, 0.225112572312355, -1.1152653694152832]","[-219.3125, -68.5, -27.8125]","[-10.971599578857422, 0.3619000017642975, -2.4723000526428223]","[0.5326744914054871, 0.0761312618851661, -0.6490705013275146]","[3.175299882888794, 6.512499809265137, -6.608599662780762]",,,carving_short,expert,blue,
2024-03-17 13:08:35.800,"[4.266151428222656, 19.312406539916992, -4.111188888549805]","[-0.2346010059118271, 0.2633770108222961, 0.5245739817619324, 0.7748649716377258, 1.1271989345550537, -0.7606203556060791, 1.0829163789749146]","[-35.125, -22.0, 21.6875]","[0.6755645871162415, 0.2529505789279938, 0.0839677900075912]","[-218.5, -69.5625, -28.5625]","[1.2070999145507812, 12.538999557495115, 2.317199945449829]","[0.3983888626098633, 0.4521275460720062, 0.6299417018890381]","[3.0488998889923096, 6.76039981842041, -6.416399955749512]",,,carving_short,expert,blue,
2024-03-17 13:08:35.900,"[2.972918510437012, 9.822260856628418, -0.2916424870491028]","[-0.2304150015115738, 0.2471079975366592, 0.5412229895591736, 0.7700139880180359, 1.1367180347442627, -0.8032602667808533, 1.111258029937744]","[-34.5, -23.6875, 20.1875]","[0.5805663466453552, -0.5002113580703735, -0.1934173852205276]","[-217.9375, -71.125, -29.5625]","[0.0976999998092651, 2.749500036239624, 5.893399715423584]","[0.3299021422863006, -0.6134308576583862, 1.0016618967056274]","[2.863799810409546, 7.05709981918335, -6.177799701690674]",,,carving_short,expert,blue,
2024-03-17 13:08:36.000,"[1.4618229866027832, 13.664427757263184, -7.315923690795898]","[-0.21908999979496, 0.2194550037384033, 0.5867130160331726, 0.7480679750442505, 1.2185077667236328, -0.8972935080528259, 1.2179608345031738]","[-32.1875, -27.5625, 18.625]","[0.9189856648445128, 0.3565707504749298, 0.7812268137931824]","[-215.5, -74.9375, -31.125]","[-0.6590999960899353, 5.985499858856201, -1.5648999214172363]","[1.3211793899536133, 0.0592190213501453, -0.1024857312440872]","[2.110499858856201, 7.665199756622314, -5.740999698638916]",,,carving_short,expert,blue,
2024-03-17 13:08:36.100,"[1.6354217529296875, 10.113950729370115, -2.4419517517089844]","[-0.1660680025815963, 0.2003999948501587, 0.619949996471405, 0.7402179837226868, 1.2789241075515747, -1.018336534500122, 1.2284529209136963]","[-27.8125, -31.5, 18.0625]","[0.8484394550323486, 0.2361430525779724, 0.5946336984634399]","[-211.875, -78.375, -32.0625]","[0.1469999998807907, 1.7627999782562256, 2.4965999126434326]","[0.6972416043281555, 0.5452932119369507, 1.6235575675964355]","[1.480799913406372, 8.347700119018555, -4.928699970245361]",,,carving_short,expert,blue,"[45.0, 1.5, 25.712520599365234, 12.539999961853027, 9.525322914123535, 117.38348388671876, 2552.8222719095647, 6.6524688, 44.5584807]"
2024-03-17 13:08:36.200,"[1.2834550142288208, 10.013375282287598, -3.788211107254028]","[-0.1676370054483413, 0.1684229969978332, 0.684453010559082, 0.6892409920692444, 1.5571167469024658, -1.0908902883529663, 1.555972456932068]","[-22.9375, -35.6875, 15.75]","[0.254102498292923, -0.6333450675010681, 1.98721444606781]","[-206.75, -83.125, -34.0]","[1.212899923324585, 1.3037999868392944, 0.7515999674797058]","[0.2202430963516235, -1.2489227056503296, 1.3912019729614258]","[0.0618999972939491, 8.698800086975098, -4.527199745178223]",left,STOP,carving_short,expert,blue,
2024-03-17 13:08:36.300,"[1.688735842704773, 17.02423095703125, -11.974236488342283]","[-0.2105920016765594, 0.1346939951181411, 0.7452629804611206, 0.6181340217590332, 1.8679636716842647, -1.0443813800811768, 1.979185700416565]","[-15.625, -39.0, 15.5]","[-0.6379004120826721, -0.9516233205795288, 2.193913698196411]","[-199.875, -86.5, -34.5]","[3.1195998191833496, 8.535499572753906, -7.252799987792969]","[-0.4053701758384704, -0.6525611281394958, 2.149844169616699]","[-1.442699909210205, 8.478899955749512, -4.711199760437012]",right,START,carving_short,expert,blue,
2024-03-17 13:08:36.400,"[2.529397487640381, -16.480113983154297, -11.949642181396484]","[-0.2295919954776764, 0.0746089965105056, 0.8010929822921753, 0.547694981098175, 2.150929450988769, -1.003301024436951, 2.379737138748169]","[-7.625, -42.625, 12.75]","[0.767944872379303, -0.0378038324415683, 1.946129322052002]","[-192.375, -89.875, -37.0625]","[5.409599781036377, -24.734798431396484, -7.525799751281738]","[1.7659416198730469, 1.8985517024993896, 2.3051435947418213]","[-2.889299869537353, 8.269399642944336, -4.40880012512207]",,,carving_short,expert,blue,
2024-03-17 13:08:36.500,"[6.560294628143311, 13.891867637634276, 6.313538551330566]","[-0.1853500008583068, -0.0302510000765323, 0.8418859839439392, 0.5059210062026978, 2.55046820640564, -1.041316032409668, 2.8677103519439697]","[0.125, -44.5, 4.375]","[2.420335292816162, -1.108371376991272, 1.1553905010223389]","[-184.1875, -92.25, -45.875]","[10.66349983215332, 5.422299861907959, 9.065999984741213]","[-0.8677777051925659, -1.6979784965515137, 1.931573271751404]","[-4.112599849700928, 8.463799476623535, -2.7602999210357666]",,,carving_short,expert,blue,
2024-03-17 13:08:36.600,"[10.022635459899902, 69.5035629272461, -4.193434715270996]","[-0.1936870068311691, -0.0875390022993087, 0.8702120184898376, 0.4444679915904999, 2.6865134239196777, -0.939855933189392, 3.1079869270324707]","[6.6875, -44.9375, 0.125]","[2.2665369510650635, -0.0452738404273986, 1.3693329095840454]","[-177.5, -92.6875, -50.0625]","[15.208799362182615, 61.57129669189453, -1.6348999738693235]","[-0.3752108812332153, -2.4263217449188232, 1.8725287914276123]","[-5.196199893951416, 7.918599605560303, -2.54259991645813]",,,carving_short,expert,blue,
2024-03-17 13:08:36.700,"[-0.8277043104171753, 28.852266311645508, -12.008559226989746]","[-0.2114900052547454, -0.1793539971113205, 0.8743129968643188, 0.3983449935913086, 2.7762110233306885, -0.8826420307159424, -2.911041259765625]","[11.8125, -44.3125, -3.8125]","[0.9473996162414552, 1.1279714107513428, 1.11091947555542]","[-171.875, -92.0, -53.4375]","[5.003099918365479, 21.26639938354492, -9.768099784851074]","[1.3910797834396362, -2.073992252349853, 0.2761285305023193]","[-5.8171000480651855, 7.57480001449585, -2.225399971008301]",,,carving_short,expert,blue,
2024-03-17 13:08:36.800,"[-4.003823280334473, 8.147181510925293, -3.598456621170044]","[-0.1871639937162399, -0.2480950057506561, 0.8554379940032959, 0.4142969846725464, 2.9486029148101807, -0.9300999045372008, -2.67409610748291]","[12.375, -43.125, -10.125]","[2.5044777393341064, 1.0123608112335205, -1.2870231866836548]","[-171.0625, -90.6875, -60.0]","[1.7519999742507937, 0.2777000069618225, -2.464900016784668]","[0.4759861826896667, -0.7383615374565125, -0.3177197277545929]","[-5.753099918365479, 7.861799716949463, -1.1241999864578247]",,,carving_short,expert,blue,
2024-03-17 13:08:36.900,"[-6.248808860778809, 42.003177642822266, -24.830034255981445]","[-0.2241290062665939, -0.174586996436119, 0.8826310038566589, 0.3744960129261017, 2.7372729778289795, -0.8320949673652649, -2.931654214859009]","[13.0625, -44.5625, -0.875]","[-3.02713394165039, 1.9300898313522337, 0.7011685967445374]","[-170.0, -92.25, -51.5]","[-0.1662999987602234, 34.74150085449219, -22.222999572753903]","[-1.060322403907776, -0.9029461145401, -0.167429432272911]","[-6.0706000328063965, 7.250399589538574, -2.597599983215332]",,,carving_short,expert,blue,
2024-03-17 13:08:37.000,"[1.0632266998291016, 16.695476531982422, -10.36452865600586]","[-0.2411119937896728, -0.1698960065841674, 0.8784359693527222, 0.3759630024433136, 2.684167861938477, -0.8367154598236084, -2.9657554626464844]","[12.625, -44.8125, -1.9375]","[1.192094802856445, 0.3215245604515075, -0.5711764693260193]","[-170.75, -92.375, -51.375]","[6.953199863433838, 9.409899711608888, -7.454399585723877]","[2.617138624191284, -0.3910759389400482, -0.7620630860328674]","[-5.894099712371826, 7.280900001525879, -2.9012999534606934]",,,carving_short,expert,blue,
2024-03-17 13:08:37.100,"[2.2573490142822266, -1.8980752229690552, -0.6640653610229492]","[-0.2383500039577484, -0.2241239994764328, 0.856440007686615, 0.3993319869041443, 2.7576146125793457, -0.9121928215026855, -2.819838285446167]","[11.9375, -44.1875, -6.0625]","[0.4605225622653961, -0.0529358349740505, -0.3211231231689453]","[-171.625, -91.75, -55.8125]","[7.810400009155273, -9.648200035095217, 1.5911999940872192]","[1.2631471157073977, -0.2816786766052246, -0.1519309133291244]","[-5.564699649810791, 7.755499839782715, -2.2482998371124268]",,,carving_short,expert,blue,"[45.0, 1.5, 26.84056282043457, 12.8100004196167, 10.15223789215088, 119.1052017211914, 2552.173070247285, 6.6526087, 44.5584075]"
2024-03-17 13:08:37.200,"[-6.602432727813721, 29.954853057861328, -8.873811721801758]","[-0.2484979927539825, -0.2415719926357269, 0.849357008934021, 0.3980999886989593, 2.75191330909729, -0.9211840033531188, -2.782607316970825]","[11.9375, -44.875, -5.3125]","[-0.3617369532585144, -0.2420073598623275, 0.0959756523370742]","[-171.0, -92.25, -55.75]","[-1.1029000282287598, 22.13039970397949, -6.611700057983398]","[-0.599782407283783, -0.9144303798675536, -0.1970476657152176]","[-5.487099647521973, 7.809199810028076, -2.2533998489379883]",,,carving_short,expert,blue,
2024-03-17 13:08:37.300,"[-0.1453567743301391, 12.062524795532228, -10.431488990783691]","[-0.3136090040206909, -0.2167630046606063, 0.8377230167388916, 0.3910019993782043, 2.520617723464966, -0.9125404357910156, -2.947596788406372]","[8.5625, -45.25, -2.5]","[-0.0089884456247091, -0.3969053328037262, -0.6914645433425903]","[-174.25, -92.6875, -52.3125]","[4.741799831390381, 4.294699668884277, -6.934000015258789]","[1.4079047441482544, -0.7433182597160339, -1.271454930305481]","[-4.879099845886231, 7.757599830627441, -3.4903998374938965]",,,carving_short,expert,blue,
2024-03-17 13:08:37.400,"[-1.4834377765655518, 4.273343563079834, -3.657823085784912]","[-0.2928099930286407, -0.2511650025844574, 0.8076440095901489, 0.4459680020809173, 2.617544174194336, -1.0500619411468506, -2.8468241691589355]","[6.4375, -44.9375, -6.5]","[0.949825644493103, 0.580234706401825, -0.5427275896072388]","[-177.0, -92.75, -56.625]","[2.753199815750122, -4.240900039672852, -1.2066999673843384]","[0.0821700990200042, -0.248761773109436, -0.2981022298336029]","[-4.224199771881104, 8.506799697875977, -2.4412999153137207]",,,carving_short,expert,blue,
2024-03-17 13:08:37.500,"[-2.5816006660461426, 13.086198806762695, -6.451703071594238]","[-0.3374649882316589, -0.231331005692482, 0.7940199971199036, 0.4495939910411834, 2.413708209991455, -1.055416226387024, -3.01153826713562]","[2.9375, -45.5, -2.6875]","[-1.149491310119629, -1.141061305999756, -0.6857573390007019]","[-179.8125, -93.0625, -53.0625]","[1.039099931716919, 4.539400100708008, -3.227299928665161]","[-0.7980692386627197, -1.091912865638733, -1.3832082748413086]","[-3.6083998680114746, 8.53279972076416, -3.2154998779296875]",,,carving_short,expert,blue,
2024-03-17 13:08:37.600,"[3.887829065322876, 4.832437515258789, -6.364803314208984]","[-0.3865520060062408, -0.2171739935874939, 0.7441930174827576, 0.4995880126953125, 2.0840487480163574, -1.1468627452850342, 2.9878437519073486]","[-4.5, -45.125, -3.5]","[0.6039537191390991, -0.4528082311153412, -1.644361972808838]","[-187.125, -93.0625, -53.3125]","[5.854300022125244, -4.11359977722168, -2.8404998779296875]","[0.4495269954204559, -0.2268579006195068, -1.390748143196106]","[-1.980699896812439, 8.938499450683594, -3.514099836349488]",right,STOP,carving_short,expert,blue,
2024-03-17 13:08:37.700,"[0.1723346412181854, 13.065637588500977, -4.010374069213867]","[-0.4132179915904999, -0.1987089961767196, 0.6996690034866333, 0.5479289889335632, 1.730446696281433, -1.1970282793045044, 2.642462491989136]","[-10.0, -43.875, -3.5]","[-0.3016452491283417, -0.509793221950531, -1.2851382493972778]","[-192.75, -91.6875, -53.4375]","[0.726099967956543, 3.932799816131592, -0.4659999907016754]","[-0.2450093179941177, -0.1945518553256988, -1.378024697303772]","[-0.5691999793052673, 9.129599571228027, -3.5349998474121094]",left,START,carving_short,expert,blue,
2024-03-17 13:08:37.800,"[-1.5919238328933716, 4.417522430419922, -6.169723510742188]","[-0.4269970059394836, -0.1555339992046356, 0.6644060015678406, 0.593334972858429, 1.393113136291504, -1.1712965965270996, 2.2605955600738525]","[-17.5, -41.3125, -1.375]","[-0.0062133721075952, 0.5484347939491272, -1.907156229019165]","[-200.1875, -89.1875, -52.0]","[-2.2627999782562256, -4.621399879455566, -2.4041998386383057]","[-0.3242996335029602, 0.5918934941291809, -1.885706067085266]","[0.6740999817848206, 9.03439998626709, -3.754199981689453]",,,carving_short,expert,blue,
2024-03-17 13:08:37.900,"[-3.9403483867645264, 9.242624282836914, -0.6430251002311707]","[-0.4290260076522827, -0.0877820029854774, 0.6253830194473267, 0.6458519697189331, 1.124748706817627, -1.0824955701828003, 1.8970117568969729]","[-25.0, -37.9375, 1.1875]","[-0.8671144843101501, -0.1241278126835823, -1.9526917934417725]","[-207.6875, -86.1875, -49.0625]","[-5.917099952697754, 0.5771999955177307, 3.512899875640869]","[0.1200786530971527, 0.5684188008308411, -1.8507646322250368]","[1.9845999479293823, 8.660499572753906, -4.150399684906006]",,,carving_short,expert,blue,
2024-03-17 13:08:38.000,"[-5.599577903747559, 10.627469062805176, -7.015432357788086]","[-0.4286440014839172, -0.0050059999339282, 0.5915060043334961, 0.6829040050506592, 1.0303195714950562, -0.947870910167694, 1.6862893104553225]","[-30.5625, -32.875, 7.0625]","[-0.013526301831007, 1.417800784111023, -2.017722845077514]","[-213.375, -81.375, -43.6875]","[-8.533599853515625, 2.655799865722656, -2.096099853515625]","[-0.826046884059906, 0.6899635791778564, -1.819802403450012]","[2.94379997253418, 7.964699745178223, -4.905799865722656]",,,carving_short,expert,blue,
2024-03-17 13:08:38.100,"[-0.0615214072167873, 20.13818550109864, -7.51378059387207]","[-0.446276992559433, 0.0681850016117096, 0.5557609796524048, 0.6980800032615662, 1.008031725883484, -0.79672771692276, 1.5937821865081787]","[-33.9375, -28.3125, 10.6875]","[-1.2123056650161743, 0.1683719158172607, -1.1299262046813965]","[-217.0625, -76.1875, -39.625]","[-3.706499814987183, 13.110699653625488, -1.7038999795913696]","[-0.8812865614891052, 0.2015855312347412, -1.2669169902801514]","[3.657399892807007, 7.012399673461914, -5.798099994659424]",,,carving_short,expert,blue,"[45.0, 1.5, 25.88837242126465, 12.83199977874756, 10.66616153717041, 123.21053314208984, 2551.55154626444, 6.6527348, 44.5583242]"
2024-03-17 13:08:38.200,"[-3.995635271072388, 14.400116920471191, -8.477744102478027]","[-0.4802069962024688, 0.1272239983081817, 0.5258169770240784, 0.6904569864273071, 1.023654222488403, -0.6484104990959167, 1.5885685682296753]","[-36.3125, -25.0625, 15.0625]","[-1.1289488077163696, 0.1895776689052581, -0.7423234581947327]","[-219.5625, -73.125, -35.5]","[-8.057700157165527, 8.463899612426758, -1.7975999116897583]","[0.026947883889079, 0.3997502028942108, -0.9232791662216188]","[4.066400051116943, 5.922399997711182, -6.67519998550415]",,,carving_short,expert,blue,
2024-03-17 13:08:38.300,"[-11.656573295593262, -2.324655055999756, -7.3156938552856445]","[-0.4552150070667267, 0.1767120063304901, 0.4812099933624267, 0.7280020117759705, 0.9721003770828248, -0.570151686668396, 1.4248403310775757]","[-39.6875, -18.4375, 16.0625]","[0.2495471686124801, 0.9062447547912598, -1.700282335281372]","[-222.6875, -67.5625, -34.375]","[-16.30270004272461, -7.60759973526001, -0.486299991607666]","[0.7819598913192749, 0.9466665983200072, -3.57687783241272]","[4.652400016784668, 5.2932000160217285, -6.819499969482422]",,,carving_short,expert,blue,
2024-03-17 13:08:38.400,"[-1.5861777067184448, 13.188899993896484, -12.684988021850586]","[-0.463683009147644, 0.2408500015735626, 0.4453429877758026, 0.7270879745483398, 1.0025510787963867, -0.4381345510482788, 1.3781917095184326]","[-40.1875, -15.5625, 19.375]","[-2.8078856468200684, -0.1199913844466209, 0.8009315729141235]","[-223.6875, -62.75, -31.1875]","[-6.357800006866455, 9.01959991455078, -5.185299873352051]","[-0.0158301368355751, 0.502829372882843, 1.328719139099121]","[4.778899669647217, 4.160399913787842, -7.484699726104736]",,,carving_short,expert,blue,
2024-03-17 13:08:38.500,"[1.7167670726776123, 5.110519409179688, 0.9002485871315002]","[-0.4554660022258758, 0.2354529947042465, 0.4531629979610443, 0.7292150259017944, 1.0067098140716553, -0.462766021490097, 1.3746548891067505]","[-40.1875, -15.5625, 19.0]","[1.0113484859466553, -0.1284213215112686, -0.930592119693756]","[-223.75, -63.1875, -31.375]","[-2.9851999282836914, 0.7214999794960022, 8.308099746704102]","[-0.0518188253045082, 0.5223072171211243, 0.2604903876781463]","[4.691499710083008, 4.377900123596191, -7.415699958801269]",,,carving_short,expert,blue,
2024-03-17 13:08:38.600,"[-1.807200908660889, 9.38216781616211, -5.499586582183838]","[-0.4451799988746643, 0.2494850009679794, 0.4828700125217438, 0.7116230130195618, 1.0902907848358154, -0.4837603867053985, 1.415067434310913]","[-38.125, -16.8125, 21.5625]","[0.0554491095244884, 1.0334268808364868, 0.963369369506836]","[-221.6875, -64.1875, -28.875]","[-5.807300090789795, 4.813899993896484, 2.2065000534057617]","[0.8509352803230286, 0.7508929967880249, 0.0943175926804542]","[4.012700080871582, 4.561100006103516, -7.698299884796143]",,,carving_short,expert,blue,
2024-03-17 13:08:38.700,"[0.1248240992426872, 10.514654159545898, -11.71591091156006]","[-0.4081310033798218, 0.2665370106697082, 0.4796459972858429, 0.7296059727668762, 1.099419116973877, -0.5033252835273743, 1.332541823387146]","[-37.6875, -16.125, 23.25]","[-0.094422310590744, 0.793095052242279, 0.0147131253033876]","[-221.1875, -64.0, -27.0]","[-3.7832999229431152, 5.77269983291626, -4.055500030517578]","[0.2081479728221893, 0.7838273644447327, -0.8373391628265381]","[3.900999784469605, 4.730099678039551, -7.653599739074707]",,,carving_short,expert,blue,
2024-03-17 13:08:38.800,"[0.0900985971093177, 9.68033218383789, -5.932937145233154]","[-0.3933160006999969, 0.2847329974174499, 0.5024639964103699, 0.7153729796409607, 1.177616834640503, -0.517740786075592, 1.3554675579071045]","[-36.1875, -17.25, 24.5]","[0.0267384443432092, 0.2934247553348541, -0.0366170071065425]","[-219.625, -65.0, -26.0]","[-3.1862998008728027, 4.815799713134766, 1.9478999376297]","[-0.4743804931640625, 0.5153259038925171, 0.5723109245300293]","[3.264699935913086, 4.853399753570557, -7.871099948883057]",,,carving_short,expert,blue,
2024-03-17 13:08:38.900,"[0.2066291868686676, 6.712306976318359, -6.269896984100342]","[-0.4191659986972809, 0.2763429880142212, 0.5103030204772949, 0.6982280015945435, 1.1892637014389038, -0.5017362833023071, 1.424530267715454]","[-36.375, -17.9375, 23.8125]","[-0.8468337655067444, -0.7537029981613159, 0.1480388194322586]","[-219.6875, -65.4375, -25.875]","[-3.005199909210205, 1.9813998937606807, 1.722999930381775]","[0.3308795094490051, -0.8664512634277344, 0.0599869675934314]","[3.201299905776977, 4.71649980545044, -7.979699611663818]",,,carving_short,expert,blue,
2024-03-17 13:08:39.000,"[-2.6211049556732178, 1.8379998207092283, -2.4123306274414062]","[-0.4203940033912658, 0.2543160021305084, 0.4868310093879699, 0.7222089767456055, 1.0986279249191284, -0.5113576054573059, 1.371646285057068]","[-37.6875, -16.0, 22.75]","[0.3294658064842224, -0.2739468812942505, -0.6604849696159363]","[-220.9375, -64.0625, -27.5625]","[-6.498199939727783, -2.974900007247925, 5.213799953460693]","[0.3938859105110168, 0.5218534469604492, -1.0054317712783811]","[3.8895998001098633, 4.798999786376953, -7.616399765014648]",,,carving_short,expert,blue,
2024-03-17 13:08:39.100,"[-0.240895003080368, 14.17360782623291, -2.792041540145874]","[-0.3881630003452301, 0.2843930125236511, 0.467642992734909, 0.7414569854736328, 1.098547339439392, -0.4923438727855682, 1.2697758674621582]","[-38.125, -14.5625, 24.3125]","[0.0140848066657781, 0.5613851547241211, -0.4987103641033172]","[-221.625, -62.125, -25.75]","[-4.166399955749512, 9.52519989013672, 4.910899639129639]","[-0.1376715749502182, 0.2123192995786667, -0.0411548651754856]","[3.9310998916625977, 4.635499954223633, -7.695999622344971]",,,carving_short,expert,blue,"[45.0, 1.5, 27.727628707885746, 13.187000274658203, 11.022419929504396, 127.30169677734376, 2550.8663449957967, 6.6528427, 44.5582338]"
2024-03-17 13:08:39.200,"[-1.450838327407837, 3.73038649559021, -3.312588691711426]","[-0.369596004486084, 0.2886309921741485, 0.4659160077571869, 0.75034099817276, 1.0964481830596924, -0.5073217153549194, 1.229390025138855]","[-37.9375, -13.6875, 23.875]","[0.8950397372245789, 0.1034282147884368, -0.6856176853179932]","[-221.0625, -61.625, -26.375]","[-5.356599807739258, -1.0476999282836914, 4.329999923706055]","[0.713787317276001, 0.3680724799633026, -0.6136752367019653]","[3.9149999618530273, 4.764400005340576, -7.625099658966064]",,,carving_short,expert,blue,
2024-03-17 13:08:39.300,"[-1.360031008720398, 9.60940647125244, -6.364889621734619]","[-0.3294140100479126, 0.2986010015010834, 0.4598320126533508, 0.768684983253479, 1.088658332824707, -0.5354234576225281, 1.1388107538223269]","[-37.3125, -13.6875, 25.0625]","[0.2270498871803283, 0.557807207107544, -0.3230778872966766]","[-220.875, -61.3125, -25.1875]","[-5.263999938964844, 4.5971999168396, 1.118000030517578]","[-0.0173834785819053, 0.3114539980888366, -0.09135053306818]","[3.910699844360352, 5.003399848937988, -7.472699642181396]",,,carving_short,expert,blue,
2024-03-17 13:08:39.400,"[-1.1779855489730835, 9.100648880004885, -7.1977362632751465]","[-0.3126980066299438, 0.3059189915657043, 0.4645580053329468, 0.7699459791183472, 1.106737732887268, -0.5515976548194885, 1.117720127105713]","[-36.8125, -14.0625, 24.8125]","[0.4092099070549011, 0.3016627132892608, -0.122015967965126]","[-220.25, -61.8125, -25.125]","[-4.914999961853027, 3.951499938964844, 0.280599981546402]","[0.9672265648841858, 0.1108284071087837, -0.3127281069755554]","[3.7381999492645264, 5.139100074768066, -7.468899726867676]",,,carving_short,expert,blue,
2024-03-17 13:08:39.500,"[-0.0956052616238594, 5.894294738769531, -6.090897083282471]","[-0.2650339901447296, 0.2980960011482239, 0.4600279927253723, 0.7932639718055725, 1.0628316402435305, -0.6087422966957092, 1.010083794593811]","[-37.125, -14.9375, 25.0]","[1.0352768898010254, 0.433243066072464, -0.6956882476806641]","[-220.6875, -62.625, -25.0]","[-3.991499900817871, 0.2760999798774719, 0.939300000667572]","[0.9164375066757202, 0.5770931243896484, -0.3201108276844024]","[3.912999868392944, 5.607800006866455, -7.029199600219727]",,,carving_short,expert,blue,
2024-03-17 13:08:39.600,"[1.7357195615768433, 12.131285667419434, -4.08363676071167]","[-0.2150789946317672, 0.3015030026435852, 0.4757939875125885, 0.7977820038795471, 1.0811713933944702, -0.6808655261993408, 0.9456605911254884]","[-35.625, -17.125, 25.75]","[0.8268497586250305, 0.4836656451225281, -0.0577005855739116]","[-219.0625, -64.625, -24.5]","[-1.8575999736785889, 5.947999954223633, 2.64520001411438]","[0.4117057025432586, 0.4868421256542206, 0.2375218570232391]","[3.583599805831909, 6.1728997230529785, -6.724699974060059]",,,carving_short,expert,blue,
2024-03-17 13:08:39.700,"[1.549364447593689, 12.558880805969238, -3.7728404998779297]","[-0.1909220069646835, 0.3032160103321075, 0.508974015712738, 0.7826579809188843, 1.1517139673233032, -0.7490234971046448, 0.9782708883285522]","[-33.9375, -20.125, 26.3125]","[0.3830823302268982, 0.4667184948921203, 0.7181506156921387]","[-217.375, -67.125, -23.6875]","[-1.3827999830245972, 5.874899864196777, 2.8043999671936035]","[0.7549247145652771, 0.2611710727214813, 0.5520476698875427]","[2.9223999977111816, 6.677499771118164, -6.560400009155273]",,,carving_short,expert,blue,
2024-03-17 13:08:39.800,"[0.6159514784812927, 9.185824394226074, -4.181741237640381]","[-0.1602199971675872, 0.2953419983386993, 0.5500739812850952, 0.7645379900932312, 1.2332274913787842, -0.8427345752716064, 1.028377890586853]","[-30.4375, -24.25, 25.625]","[0.8494343161582947, 0.5130918622016907, 0.8080001473426819]","[-214.125, -71.75, -24.375]","[-1.5530999898910522, 1.8585999011993408, 1.9893999099731443]","[0.6071127653121948, 0.3954741656780243, 1.075245022773743]","[2.161099910736084, 7.320299625396728, -6.157199859619141]",,,carving_short,expert,blue,
2024-03-17 13:08:39.900,"[5.890990734100342, 8.51520824432373, -3.720656394958496]","[-0.155250996351242, 0.2827810049057007, 0.6047850251197815, 0.7281249761581421, 1.3917111158370972, -0.9155766367912292, 1.200936198234558]","[-25.875, -28.625, 25.5625]","[0.1041263416409492, 0.3730815649032593, 1.6861625909805298]","[-209.75, -75.5625, -24.3125]","[4.819499969482422, 0.736299991607666, 2.172999858856201]","[1.0461503267288208, 0.5931152105331421, 1.6463515758514404]","[1.0643999576568604, 7.775799751281738, -5.879899978637695]",,,carving_short,expert,blue,
2024-03-17 13:08:40.000,"[0.6462525129318237, 10.496889114379885, -3.508022785186768]","[-0.1253789961338043, 0.2454989999532699, 0.683605968952179, 0.675790011882782, 1.6799992322921753, -1.039966702461243, 1.5037314891815186]","[-18.75, -34.9375, 21.875]","[1.263461351394653, -0.088069312274456, 1.746917486190796]","[-202.9375, -82.125, -27.625]","[1.1784999370574951, 2.0358998775482178, 1.434000015258789]","[1.1657228469848633, -0.049392819404602, 1.876473307609558]","[-0.5410000085830688, 8.457099914550781, -4.934999942779541]",left,STOP,carving_short,expert,blue,
2024-03-17 13:08:40.100,"[0.6284970641136169, -0.0140300216153264, -5.360952854156494]","[-0.129062995314598, 0.186486005783081, 0.760532021522522, 0.6084039807319641, 2.0619466304779053, -1.070175051689148, 1.9781012535095213]","[-11.3125, -39.3125, 18.3125]","[0.9146572351455688, -0.6992312669754028, 1.8328924179077148]","[-195.5, -86.6875, -31.8125]","[2.8376998901367188, -8.60319995880127, -1.194100022315979]","[0.5809153914451599, -0.0949808210134506, 1.669669270515442]","[-2.219899892807007, 8.60319995880127, -4.150399684906006]",right,START,carving_short,expert,blue,"[45.0, 1.5, 29.12306022644043, 13.529000282287598, 11.11282444000244, 128.03172302246094, 2550.1197433508933, 6.6529483, 44.5581574]"
2024-03-17 13:08:40.200,"[3.4102816581726074, 9.70748233795166, -1.1400327682495115]","[-0.1255400031805038, 0.133650004863739, 0.8095229864120483, 0.5577179789543152, 2.347673892974853, -1.0540155172348022, 2.335810899734497]","[-5.75, -42.25, 13.1875]","[1.3298187255859375, -0.7522543668746948, 0.9608560800552368]","[-189.625, -89.5, -36.375]","[6.799699783325195, 1.1726999282836914, 2.317600011825561]","[0.7945960164070129, -0.9852383732795716, 1.2451528310775757]","[-3.396799802780152, 8.526000022888184, -3.455199956893921]",,,carving_short,expert,blue,
2024-03-17 13:08:40.300,"[0.8739315271377563, 12.687602996826172, -0.4374589622020721]","[-0.1112580001354217, 0.0758280009031295, 0.8399950265884399, 0.5256220102310181, 2.5788373947143555, -1.0474804639816284, 2.6307146549224854]","[-2.0, -43.8125, 9.625]","[-0.6876772046089172, -0.3991742432117462, 0.2597399055957794]","[-185.8125, -91.375, -40.3125]","[5.0081000328063965, 4.175899982452393, 2.192999839782715]","[0.3140370845794678, -0.0263719242066144, 0.6923372149467468]","[-4.145100116729736, 8.494199752807617, -2.6146998405456543]",,,carving_short,expert,blue,
2024-03-17 13:08:40.400,"[-1.7059261798858645, 17.936227798461914, -8.015002250671387]","[-0.1337099969387054, 0.0770939961075782, 0.8483759760856628, 0.5063939690589905, 2.5474209785461426, -0.9947237372398376, 2.6309525966644287]","[-0.8125, -43.8125, 10.4375]","[0.3346319794654846, -0.1372526884078979, 0.4251971244812011]","[-183.9375, -91.625, -39.625]","[2.72979998588562, 9.70259952545166, -5.011600017547607]","[0.079901173710823, -0.0940034314990043, -0.0812276229262352]","[-4.4263997077941895, 8.223899841308594, -2.990499973297119]",,,carving_short,expert,blue,
2024-03-17 13:08:40.500,"[-1.529387354850769, 4.462791919708252, -8.463349342346191]","[-0.1411619931459427, 0.0631430000066757, 0.8508880138397217, 0.5020700097084045, 2.5541460514068604, -0.9910176396369934, 2.669349670410156]","[0.125, -44.875, 9.25]","[-0.7383266091346741, -0.8054170608520508, 0.9687449932098388]","[-183.375, -92.375, -40.5625]","[2.95169997215271, -3.741999864578247, -5.4756999015808105]","[1.0646508932113647, -0.1777094304561615, 0.4356167316436767]","[-4.4716997146606445, 8.204099655151367, -2.977599859237671]",,,carving_short,expert,blue,
2024-03-17 13:08:40.600,"[-1.794492483139038, 4.176761627197266, -3.190513134002685]","[-0.1555439978837967, 0.0343809984624385, 0.8651729822158813, 0.4754990041255951, 2.597949743270874, -0.9477116465568542, 2.778209924697876]","[2.75, -44.4375, 8.0625]","[0.5882806777954102, -0.501694917678833, -0.3193952441215515]","[-180.8125, -92.0625, -41.6875]","[3.1126999855041504, -3.7958998680114746, -0.2269999980926513]","[0.9380621314048768, -0.7024251818656921, 0.2755351364612579]","[-4.897500038146973, 7.963799953460693, -2.9600000381469727]",,,carving_short,expert,blue,
2024-03-17 13:08:40.700,"[0.0971854329109191, 15.78794002532959, -2.812650680541992]","[-0.1631470024585724, -0.0107110003009438, 0.8604220151901245, 0.4826399981975555, 2.6293365955352783, -0.9863960146903992, 2.886803150177002]","[2.0, -44.1875, 6.0]","[-0.8757538795471191, -0.5979323387145996, -0.1295732408761978]","[-181.1875, -91.9375, -44.25]","[4.804100036621094, 7.599699974060059, -0.1527999937534332]","[-0.6270619034767151, -1.1599458456039429, 0.0235793981701135]","[-4.715799808502197, 8.179100036621094, -2.6517999172210693]",,,carving_short,expert,blue,
2024-03-17 13:08:40.800,"[-2.0010547637939453, 12.924188613891602, -7.33363151550293]","[-0.2208259999752044, 0.0088160000741481, 0.8542850017547607, 0.4704819917678833, 2.4437074661254883, -0.9272249341011048, 2.7610886096954346]","[1.125, -44.1875, 10.0]","[0.1675516068935394, -0.8988271355628967, 0.0084648467600345]","[-182.125, -91.875, -40.375]","[2.517899990081787, 5.070399761199951, -3.544099807739258]","[-0.3883357644081116, -0.5966582298278809, -0.3259751498699188]","[-4.508699893951416, 7.844899654388428, -3.781299829483032]",,,carving_short,expert,blue,
2024-03-17 13:08:40.900,"[-1.1206300258636477, 4.30418062210083, -9.591689109802246]","[-0.2575899958610534, -0.0051569999195635, 0.839493989944458, 0.4784019887447357, 2.334692001342773, -0.9371736645698548, 2.7282698154449463]","[-1.0625, -45.0625, 8.8125]","[0.2006430476903915, -0.6280916333198547, 0.4347440600395202]","[-184.5625, -92.6875, -40.6875]","[2.898399829864502, -3.607699871063232, -5.388099670410156]","[1.6372236013412476, 0.418704479932785, -0.1608669906854629]","[-4.016299724578857, 7.902999877929687, -4.192899703979492]",,,carving_short,expert,blue,
2024-03-17 13:08:41.000,"[0.6946536898612976, 10.000886917114258, -4.253567218780518]","[-0.2512649893760681, -0.0355350002646446, 0.8371340036392212, 0.4845699965953827, 2.3787951469421387, -0.9775988459587096, 2.8061561584472656]","[0.0, -44.5625, 7.9375]","[-0.182631254196167, -0.3701319694519043, -0.4610461592674255]","[-183.375, -92.25, -42.625]","[4.649399757385254, 1.8616999387741089, -0.4583999812602997]","[-0.674552321434021, -0.2905973196029663, 0.5785766243934631]","[-3.962999820709229, 8.131199836730957, -3.7876999378204346]",,,carving_short,expert,blue,
2024-03-17 13:08:41.100,"[-1.568613886833191, 9.41791820526123, -6.3034348487854]","[-0.2761670053005218, -0.0331210009753704, 0.8329920172691345, 0.4782859981060028, 2.309230089187622, -0.9529202580451964, 2.772499084472656]","[-1.375, -44.875, 9.3125]","[0.0124092912301421, -0.9833359718322754, -1.0482796430587769]","[-184.4375, -92.6875, -40.9375]","[2.264799833297729, 1.4110000133514404, -2.094599962234497]","[0.0176278259605169, -0.706893265247345, -0.8182103633880615]","[-3.8239998817443848, 7.993499755859375, -4.201200008392334]",,,carving_short,expert,blue,"[45.0, 1.5, 28.78761863708496, 13.67300033569336, 11.47353744506836, 126.410400390625, 2549.2372805522755, 6.6530672, 44.5580912]"
2024-03-17 13:08:41.200,"[2.494748592376709, 9.355735778808594, -4.089095592498779]","[-0.3169859945774078, -0.0320199988782405, 0.7994289994239807, 0.5093200206756592, 2.1045289039611816, -0.9874610304832458, 2.6257433891296387]","[-6.6875, -43.75, 8.5625]","[0.3442312777042389, -0.0914727076888084, -1.4120062589645386]","[-189.4375, -91.5625, -41.4375]","[5.229099750518799, 1.1606999635696411, 0.5706999897956848]","[0.0411897711455822, -0.5627813935279846, -1.1844676733016968]","[-2.747999906539917, 8.18489933013916, -4.650300025939941]",,,carving_short,expert,blue,
2024-03-17 13:08:41.300,"[-0.4398435950279236, 5.176637649536133, -5.425452709197998]","[-0.3239409923553467, -0.0311099998652935, 0.7601249814033508, 0.562408983707428, 1.9023956060409544, -1.065761923789978, 2.426952838897705]","[-12.6875, -43.125, 7.3125]","[-0.7550119757652283, -0.0866032391786575, -1.4603519439697266]","[-195.25, -90.875, -42.5625]","[1.1230000257492063, -3.4141998291015625, -0.9268999695777892]","[0.0649611577391624, 0.0682772770524025, -1.4322171211242676]","[-1.5446999073028564, 8.582300186157227, -4.486299991607666]",,,carving_short,expert,blue,
2024-03-17 13:08:41.400,"[0.817686915397644, 11.57411766052246, -2.2025792598724365]","[-0.3392789959907532, 0.0004870000120718, 0.7098289728164673, 0.6172770261764526, 1.586792230606079, -1.067488193511963, 2.086688280105591]","[-20.5625, -39.6875, 8.75]","[-0.3113492727279663, 0.7622725367546082, -2.2040367126464844]","[-203.0625, -87.5625, -41.6875]","[0.8895999789237976, 2.9714999198913574, 2.5425000190734863]","[-0.4221777021884918, 0.2861641943454742, -1.8215477466583248]","[-0.0755999982357025, 8.590499877929688, -4.729399681091309]",right,STOP,carving_short,expert,blue,
2024-03-17 13:08:41.500,"[1.812544822692871, 9.561694145202637, -5.332663059234619]","[-0.3394370079040527, 0.0656770020723342, 0.6561959981918335, 0.670727014541626, 1.3314834833145142, -0.9893521666526794, 1.7383979558944702]","[-26.9375, -34.5625, 11.6875]","[-0.0981049537658691, 0.7106457352638245, -2.1892013549804688]","[-209.6875, -82.75, -38.75]","[0.5277000069618225, 1.3564999103546145, -0.0824999958276748]","[-0.4488812386989593, 0.5340707302093506, -1.9027055501937864]","[1.276600003242493, 8.195099830627441, -5.23259973526001]",left,START,carving_short,expert,blue,
2024-03-17 13:08:41.600,"[-0.7037899494171143, 6.979222774505615, -3.1156513690948486]","[-0.3221110105514526, 0.1222790032625198, 0.6015139818191528, 0.7207440137863159, 1.1586729288101196, -0.9080418348312378, 1.4586613178253174]","[-31.3125, -29.25, 15.5625]","[-0.8482649326324463, 1.891256213188172, -1.267667531967163]","[-214.4375, -77.4375, -35.25]","[-3.113099813461304, -0.767799973487854, 2.419999837875366]","[-0.355907529592514, 1.924871206283569, -2.3267507553100586]","[2.416899919509888, 7.730499744415283, -5.52869987487793]",,,carving_short,expert,blue,
2024-03-17 13:08:41.700,"[-1.6766691207885742, 8.353896141052246, -3.1139752864837646]","[-0.301254004240036, 0.2232760041952133, 0.5578060150146484, 0.7404360175132751, 1.1757519245147705, -0.7635824680328369, 1.2957364320755005]","[-34.0, -23.6875, 21.3125]","[0.0265464577823877, 0.237853467464447, -1.781684398651123]","[-217.375, -72.125, -29.4375]","[-4.39330005645752, 1.5640000104904177, 3.4296000003814697]","[-0.6943443417549133, 1.299694299697876, -1.5200421810150146]","[2.7261998653411865, 6.781399726867676, -6.538300037384033]",,,carving_short,expert,blue,
2024-03-17 13:08:41.800,"[-3.535392999649048, 11.639516830444336, 0.3137553334236145]","[-0.2833980023860931, 0.2686150074005127, 0.5186390280723572, 0.7606199979782104, 1.1461052894592283, -0.6902428865432739, 1.1692160367965698]","[-35.4375, -19.0625, 24.0625]","[0.9801070690155028, 0.5340533256530762, -1.0670593976974487]","[-218.875, -67.0, -26.0625]","[-6.646100044250488, 5.386499881744385, 7.193999767303467]","[-0.8742179870605469, 0.3026575446128845, -0.6500653028488159]","[3.1157000064849854, 6.2440996170043945, -6.889999866485596]",,,carving_short,expert,blue,
2024-03-17 13:08:41.900,"[-7.925621509552002, -0.8595950603485107, -4.209293842315674]","[-0.2544249892234802, 0.2917679846286773, 0.4894889891147613, 0.7813699841499329, 1.1093900203704834, -0.664261519908905, 1.0506387948989868]","[-36.5625, -16.25, 24.75]","[-1.7729403972625732, -0.5271941423416138, -0.7235087752342224]","[-219.5625, -64.125, -25.375]","[-11.35159969329834, -6.888899803161621, 2.7166998386383057]","[1.2619428634643557, 0.5716651678085327, -2.528144359588623]","[3.437599897384644, 6.045499801635742, -6.914000034332275]",,,carving_short,expert,blue,
2024-03-17 13:08:42.000,"[1.9399354457855225, 26.72859001159668, -17.415298461914062]","[-0.2195090055465698, 0.3454020023345947, 0.4506750106811523, 0.793349027633667, 1.1263912916183472, -0.5985528230667114, 0.9246819615364076]","[-36.3125, -12.6875, 26.625]","[1.3641842603683472, 0.3656988441944122, -3.828693866729736]","[-219.375, -60.4375, -23.3125]","[-1.5511000156402588, 21.187700271606445, -10.091899871826172]","[1.233668565750122, 0.29708993434906, -0.8443204760551453]","[3.482999801635742, 5.5254998207092285, -7.314799785614014]",,,carving_short,expert,blue,
2024-03-17 13:08:42.100,"[1.295923948287964, 29.17447853088379, -1.164482355117798]","[-0.1684080064296722, 0.3475669920444488, 0.4204800128936767, 0.8209940195083618, 1.0540404319763184, -0.6105973720550537, 0.7673966288566589]","[-36.5625, -12.0625, 27.75]","[0.1046848446130752, 0.9978920221328736, 0.5977752804756165]","[-219.75, -59.5625, -22.0625]","[-2.684900045394897, 23.542200088500977, 5.8282999992370605]","[0.4128925502300262, 0.0051836278289556, -0.3101100921630859]","[3.969599962234497, 5.622699737548828, -6.985499858856201]",,,carving_short,expert,blue,"[45.0, 1.5, 27.04233932495117, 13.784000396728516, 11.634360313415527, 125.65680694580078, 2548.059124590829, 6.6531906, 44.5580299]"
2024-03-17 13:08:42.200,"[-1.0761457681655884, 15.34756088256836, -3.608320474624634]","[-0.1514029949903488, 0.3512899875640869, 0.4361009895801544, 0.8145470023155212, 1.0839663743972778, -0.6486068964004517, 0.7669941186904907]","[-35.5625, -12.875, 28.375]","[1.018766164779663, 0.5361477136611938, -1.234645962715149]","[-219.0, -60.4375, -21.875]","[-4.724999904632568, 9.413599967956545, 3.3080999851226807]","[0.7730587124824524, 0.5249252319335938, -0.3910061120986938]","[3.656099796295166, 5.9238996505737305, -6.907199859619141]",,,carving_short,expert,blue,
2024-03-17 13:08:42.300,"[0.5760257840156555, 8.240851402282715, -4.895357131958008]","[-0.0875329971313476, 0.3563700020313263, 0.4198769927024841, 0.8300840258598328, 1.0366759300231934, -0.6875919103622437, 0.6129785776138306]","[-34.3125, -11.5625, 30.125]","[0.4835260212421417, 0.4518657326698303, -0.2924473583698272]","[-217.9375, -59.375, -20.5]","[-3.289099931716919, 2.003700017929077, 1.6292999982833862]","[0.123272605240345, 0.6384763717651367, -0.42051962018013]","[3.857899904251098, 6.223999977111816, -6.522799968719482]",,,carving_short,expert,blue,
2024-03-17 13:08:42.400,"[0.4243674576282501, 15.428781509399414, -3.1951100826263428]","[-0.0540819987654686, 0.3805660009384155, 0.411215990781784, 0.8265249729156494, 1.0660442113876345, -0.6926737427711487, 0.5502455234527588]","[-33.1875, -11.875, 31.3125]","[1.0598162412643433, 0.3758392035961151, -0.4700520634651184]","[-216.4375, -59.3125, -19.0]","[-3.237499952316284, 9.163299560546877, 3.418299913406372]","[0.7513118982315063, 0.4449542462825775, -0.1644449234008789]","[3.649399995803833, 6.262499809265137, -6.605499744415283]",,,carving_short,expert,blue,
2024-03-17 13:08:42.500,"[0.1478275954723358, 6.84910249710083, -1.076107382774353]","[-0.0045579997822642, 0.3748759925365448, 0.4167650043964386, 0.8281019926071167, 1.034213900566101, -0.7571191787719727, 0.455935537815094]","[-32.375, -14.4375, 30.25]","[-0.3168470859527588, -0.7940549850463867, 1.372788667678833]","[-215.8125, -62.0, -19.75]","[-3.50629997253418, 0.1094999983906745, 5.056999683380127]","[-0.0318348072469234, 0.3114714622497558, 0.3516838550567627]","[3.643599987030029, 6.735499858856201, -6.125899791717529]",,,carving_short,expert,blue,
2024-03-17 13:08:42.600,"[1.175648808479309, 15.056071281433104, -5.0479254722595215]","[-0.0272519998252391, 0.3814840018749237, 0.4523220062255859, 0.8056859970092773, 1.1323999166488647, -0.7867564558982849, 0.5834513902664185]","[-30.8125, -17.4375, 30.375]","[0.7171034216880798, -1.0813885927200315, 1.809278130531311]","[-214.1875, -64.5625, -19.5625]","[-1.772499918937683, 8.109399795532227, 1.2293999195098877]","[0.3327121138572693, -0.8013155460357666, 1.712621808052063]","[2.939499855041504, 6.943699836730957, -6.269999980926514]",,,carving_short,expert,blue,
2024-03-17 13:08:42.700,"[-1.95662784576416, 8.304163932800293, -2.8162996768951416]","[-0.063628003001213, 0.3259080052375793, 0.5350589752197266, 0.7768179774284363, 1.2126672267913818, -0.9105042219161988, 0.8180162906646729]","[-29.25, -24.125, 27.4375]","[0.5708622932434082, 0.1304284483194351, 0.8466068506240845]","[-212.9375, -71.0, -22.625]","[-4.059799671173096, 0.5509999990463257, 2.818699836730957]","[0.4210955798625946, -0.8157145380973816, 1.996586799621582]","[2.108299970626831, 7.7453999519348145, -5.633199691772461]",,,carving_short,expert,blue,
2024-03-17 13:08:42.800,"[0.4001860320568084, 3.930120468139648, -2.532893180847168]","[-0.0750389993190765, 0.300805002450943, 0.5842080116271973, 0.7500569820404053, 1.3228421211242676, -0.9813244342803956, 0.987605094909668]","[-26.6875, -27.8125, 25.125]","[0.124930664896965, 0.6488959789276123, 1.6184438467025757]","[-210.625, -75.0625, -24.75]","[-0.9455999732017516, -4.228899955749512, 2.7646000385284424]","[0.4813618063926697, 0.0355174504220485, 1.4237698316574097]","[1.337899923324585, 8.151599884033203, -5.284899711608887]",left,STOP,carving_short,expert,blue,
2024-03-17 13:08:42.900,"[1.6468181610107422, 10.901585578918455, 0.8213644623756409]","[-0.0772930011153221, 0.2978410124778747, 0.6416370272636414, 0.7025790214538574, 1.572369933128357, -1.026630401611328, 1.247124195098877]","[-21.8125, -31.3125, 25.9375]","[0.7281862497329712, -0.2346595227718353, 1.7048375606536863]","[-206.0, -78.5625, -24.125]","[1.6358999013900757, 2.504999876022339, 5.8907999992370605]","[0.0299498494714498, 0.1195375993847847, 1.9586085081100464]","[-0.0078999996185302, 8.39009952545166, -5.076900005340576]",right,START,carving_short,expert,blue,
2024-03-17 13:08:43.000,"[1.8830108642578125, 8.24155044555664, -0.3134297132492065]","[-0.1025049984455108, 0.2774089872837066, 0.709758996963501, 0.6393569707870483, 1.8829492330551147, -1.0173290967941284, 1.6251004934310913]","[-15.25, -35.5, 23.6875]","[1.2810193300247192, -0.7808603048324585, 1.415514349937439]","[-199.125, -82.6875, -26.125]","[3.4560999870300293, -0.1147999987006187, 4.60159969329834]","[0.8044397234916687, -0.5061105489730835, 2.048091411590576]","[-1.5829999446868896, 8.342499732971191, -4.905600070953369]",,,carving_short,expert,blue,
2024-03-17 13:08:43.100,"[-0.8996739387512207, 7.699264049530029, -7.223670482635498]","[-0.1187890022993087, 0.2153220027685165, 0.775193989276886, 0.5818920135498047, 2.166309595108032, -1.017891526222229, 2.0242834091186523]","[-10.0625, -39.125, 19.5]","[0.6631203889846802, -2.573383331298828, 2.0545144081115723]","[-193.875, -86.4375, -30.125]","[2.006199836730957, -0.6570000052452087, -2.9540998935699463]","[1.0606191158294678, -1.133277177810669, 1.5988612174987793]","[-2.888799905776977, 8.345399856567383, -4.263499736785889]",,,carving_short,expert,blue,"[45.0, 1.5, 26.734315872192383, 13.940999984741213, 12.065372467041016, 122.23064422607422, 2547.12072319258, 6.6533245, 44.5579826]"
2024-03-17 13:08:43.200,"[0.3449278473854065, -2.899378061294556, -9.491793632507324]","[-0.165476992726326, 0.1166599988937377, 0.8247489929199219, 0.5280100107192993, 2.34533953666687, -0.9833205342292786, 2.417482376098633]","[-3.625, -42.75, 13.9375]","[0.7775092720985413, -3.12536096572876, 1.299170732498169]","[-188.125, -90.1875, -35.6875]","[4.144700050354004, -11.045599937438965, -5.598099708557129]","[1.200175642967224, 0.290195882320404, 2.1598448753356934]","[-3.801399946212769, 8.16249942779541, -3.884899854660034]",,,carving_short,expert,blue,
2024-03-17 13:08:43.300,"[-2.6545088291168213, 21.68374824523925, -5.373555660247803]","[-0.1724420040845871, 0.0160119999200105, 0.8626160025596619, 0.4752900004386902, 2.5723681449890137, -0.95180344581604, 2.80515456199646]","[2.0, -44.4375, 7.5]","[2.6974761486053467, 0.4388630390167236, -0.5449092388153076]","[-181.6875, -92.1875, -42.5]","[2.144899845123291, 13.68549919128418, -2.2973999977111816]","[-0.0975813567638397, -1.1911872625350952, 1.2583125829696655]","[-4.792699813842773, 7.987099647521973, -3.066699981689453]",,,carving_short,expert,blue,
2024-03-17 13:08:43.400,"[4.781766414642334, 7.171247005462647, 9.347030639648438]","[-0.1630569994449615, -0.0567619986832141, 0.8702660202980042, 0.4613299965858459, 2.723684072494507, -0.9639849662780762, 3.050893068313598]","[4.5625, -44.875, 3.0]","[1.141026496887207, -0.1295208781957626, -1.0725396871566772]","[-179.1875, -92.5625, -47.5625]","[9.886699676513672, -0.8969999551773071, 11.615300178527832]","[-1.122979760169983, -1.6768773794174194, 0.8922123312950134]","[-5.110899925231934, 8.05579948425293, -2.2695000171661377]",,,carving_short,expert,blue,
2024-03-17 13:08:43.500,"[3.387977361679077, 12.991340637207031, 7.93336009979248]","[-0.1796520054340362, -0.0666569992899894, 0.8751329779624939, 0.4443230032920837, 2.700534105300904, -0.9300227165222168, 3.0696358680725098]","[4.75, -44.4375, 2.9375]","[-0.129625603556633, -0.4946786761283874, -1.2712454795837402]","[-178.625, -92.1875, -48.0]","[8.67490005493164, 5.122600078582764, 10.426400184631348]","[-1.153365969657898, -1.065244197845459, -0.0878249704837799]","[-5.301499843597412, 7.861299991607666, -2.5025999546051025]",,,carving_short,expert,blue,
2024-03-17 13:08:43.600,"[3.398588418960572, 11.637735366821287, -5.848153591156006]","[-0.2147510051727295, -0.0436590015888214, 0.863161027431488, 0.4548929929733276, 2.5511574745178223, -0.9340648651123048, 2.9383554458618164]","[1.0625, -45.75, 4.75]","[0.9399994015693665, 0.6989868879318237, -0.8753524422645569]","[-181.75, -93.25, -45.4375]","[8.226799964904785, 3.745699882507324, -2.5887999534606934]","[0.410675972700119, -0.7298094034194946, -1.2441579103469849]","[-4.843499660491943, 7.884899616241455, -3.2460999488830566]",,,carving_short,expert,blue,
2024-03-17 13:08:43.700,"[-1.700898289680481, 6.65769100189209, -2.843698740005493]","[-0.1865449994802475, -0.0607459992170333, 0.8373519778251648, 0.5102459788322449, 2.5929605960845947, -1.0699461698532104, 2.9559333324432373]","[-2.0, -45.375, 1.6875]","[-0.476806491613388, -0.4286528527736664, -0.0111352009698748]","[-185.0, -93.0, -48.375]","[2.330999851226806, -1.953199982643128, -0.3782999813556671]","[0.0353080108761787, 0.6522295475006104, -0.3036523759365082]","[-4.017699718475342, 8.602099418640137, -2.455699920654297]",,,carving_short,expert,blue,
2024-03-17 13:08:43.800,"[3.8789896965026855, 18.716413497924805, -1.990031719207764]","[-0.1913910061120987, -0.052080001682043, 0.8292350172996521, 0.5225189924240112, 2.5370452404022217, -1.0897632837295532, 2.89345383644104]","[-3.8125, -45.6875, 3.625]","[0.030403634533286, 0.3506889939308166, 0.2441017478704452]","[-187.3125, -93.375, -46.75]","[7.606799602508545, 10.01729965209961, 0.5981000065803528]","[-1.1407122611999512, -0.7582582831382751, 0.3208264112472534]","[-3.733199834823608, 8.693699836730957, -2.5789999961853027]",,,carving_short,expert,blue,
2024-03-17 13:08:43.900,"[0.832090437412262, 13.605424880981444, -4.745163917541504]","[-0.2281389981508255, -0.0229909997433424, 0.8344399929046631, 0.5011320114135742, 2.4039981365203857, -1.0099767446517944, 2.775721788406372]","[-3.0, -44.8125, 6.3125]","[-0.1875705271959304, -0.3901858031749725, -0.2733185589313507]","[-186.25, -92.5, -43.8125]","[4.674200057983398, 5.287499904632568, -1.2287999391555786]","[-0.0086393794044852, -0.4116882681846618, -0.2308896034955978]","[-3.8601999282836914, 8.304399490356445, -3.507699966430664]",,,carving_short,expert,blue,
2024-03-17 13:08:44.000,"[-3.764891862869263, 20.663618087768555, -6.282835483551025]","[-0.236407995223999, -0.0218020007014274, 0.8306350111961365, 0.5036649703979492, 2.369609832763672, -1.0103760957717896, 2.751920461654663]","[-4.0, -44.1875, 6.1875]","[0.5188689231872559, -0.209561675786972, -0.5253615379333496]","[-186.9375, -92.0, -43.875]","[-0.0208999998867511, 12.346199989318848, -2.6401000022888184]","[0.219335526227951, -0.4863883554935455, -0.5904274582862854]","[-3.7348999977111816, 8.306499481201172, -3.635999917984009]",,,carving_short,expert,blue,
2024-03-17 13:08:44.100,"[0.4280641078948974, 7.430749416351318, -6.098788261413574]","[-0.2509239912033081, -0.0374320000410079, 0.81072598695755, 0.5275959968566895, 2.283290147781372, -1.0639026165008545, 2.707724571228028]","[-7.125, -44.5, 3.9375]","[-0.194604218006134, -0.1626995950937271, 0.0097040310502052]","[-190.1875, -92.0, -45.875]","[3.5239999294281006, -1.1596999168395996, -2.487299919128418]","[0.9205390214920044, -0.0993615910410881, -0.5660102963447571]","[-3.1122000217437744, 8.57349967956543, -3.602599859237671]",right,STOP,carving_short,expert,blue,"[45.0, 1.5, 28.25420188903809, 13.994000434875488, 12.11602020263672, 119.9132080078125, 2546.022880444303, 6.6534595, 44.557946]"
