time,TotalAcceleration,Orientation,Magnetometer,GyroscopeUncalibrated,MagnetometerUncalibrated,Accelerometer,Gyroscope,Gravity,Behavior,Status
2024-03-19 10:32:55.800,"[-3.087265729904175, 10.280913352966309, 2.684742927551269]","[-0.7904959917068481, -0.5626270174980164, -0.1898149996995926, 0.1501169949769973, -1.0095834732055664, -0.9836408495903016, 2.190662145614624]","[14.9375, -36.4375, -23.0]","[0.3187669217586517, -0.5769186019897461, -1.0880906581878662]","[-30.125, -58.125, -1.0625]","[-4.4156999588012695, 0.8955999612808228, 0.2592000067234039]","[0.5680697560310364, -0.3573561608791351, -1.1168012619018557]","[2.8912999629974365, 8.164199829101562, 4.599400043487549]",right,START
2024-03-19 10:32:55.900,"[2.297303438186645, 14.867743492126465, 2.738095283508301]","[-0.8139060139656067, -0.5190190076828003, -0.2154919952154159, 0.1474380046129226, -0.9394790530204772, -0.8967810869216919, 2.304133415222168]","[12.0, -37.4375, -23.5625]","[0.5248379707336426, -0.0763756111264228, -0.7195643186569214]","[-33.0625, -59.125, -1.625]","[-3.6999998092651367, 3.0179998874664307, -0.3445000052452087]","[0.3919660449028015, -0.294175237417221, -0.7549596428871155]","[3.6123998165130615, 7.662099838256836, 4.940799713134766]",,
2024-03-19 10:32:56.000,"[-3.607046842575073, 13.451170921325684, 3.228734016418457]","[-0.8259689807891846, -0.4889200031757355, -0.2447109967470169, 0.1372849941253662, -0.9293426871299744, -0.8337771892547607, 2.3752830028533936]","[10.8125, -38.0625, -23.875]","[0.0244171563535928, -0.3101973533630371, -0.5931501388549805]","[-34.25, -59.75, -1.9375]","[-3.226799964904785, 12.148799896240234, -5.0081000328063965]","[0.240052580833435, 0.0380307249724864, -0.4566479325294494]","[3.9435999393463135, 7.261499881744385, 5.280799865722656]",,
2024-03-19 10:32:56.100,"[2.4289751052856445, 8.2964448928833, 8.65125560760498]","[-0.832843005657196, -0.4744209945201874, -0.2544400095939636, 0.1286700069904327, -0.91459059715271, -0.8106842637062073, 2.418825387954712]","[9.0625, -38.125, -23.5]","[0.0178896244615316, -0.4465599358081817, -0.2837905287742615]","[-36.0, -59.8125, -1.5625]","[-3.5511999130249023, 1.4298999309539795, 0.7227999567985535]","[0.0822224617004394, -0.4255112707614898, -0.3688927888870239]","[4.122399806976318, 7.107399940490723, 5.353499889373779]",,
2024-03-19 10:32:56.200,"[-0.0539365783333778, 9.288162231445312, 4.8211750984191895]","[-0.8350790143013, -0.4639079868793487, -0.2724800109863281, 0.1148289963603019, -0.9274441003799438, -0.7926592230796814, 2.45569372177124]","[9.125, -38.5625, -23.375]","[-0.1526290476322174, -0.0860796347260475, -0.107110857963562]","[-35.9375, -60.25, -1.4375]","[-4.428199768066406, 2.6938998699188232, 0.3491999804973602]","[-0.1253844499588012, -0.4926715493202209, -0.1357691586017608]","[4.12939977645874, 6.984499931335449, 5.507599830627441]",,
2024-03-19 10:32:56.300,"[-2.3949391841888428, 9.174274444580078, 3.93913197517395]","[-0.8364189863204956, -0.4601550102233886, -0.2812680006027221, 0.0977149978280067, -0.929630696773529, -0.7963331937789917, 2.493226766586304]","[9.6875, -39.875, -21.8125]","[-0.2035228461027145, -0.1713738739490509, 0.1868200451135635]","[-35.375, -61.5625, 0.125]","[-4.767299652099609, 1.7690999507904053, 4.316499710083008]","[-0.2313783019781112, -0.0817337706685066, 0.1773079931735992]","[4.101999759674072, 7.009699821472168, 5.495999813079834]",,
2024-03-19 10:32:56.400,"[-2.8019821643829346, 10.410669326782228, 5.329780101776123]","[-0.8328120112419128, -0.4679819941520691, -0.2831499874591827, 0.085097998380661, -0.9411532282829284, -0.8202129006385803, 2.502624988555908]","[10.75, -40.0625, -21.375]","[-0.3715631365776062, -0.3539876639842987, 0.0861843600869178]","[-34.3125, -61.75, 0.5625]","[-3.005499839782715, 3.012699842453003, 0.3003000020980835]","[-0.3429048359394073, -0.1738871484994888, 0.0320093370974063]","[3.938699960708618, 7.171499729156494, 5.406099796295166]",,
2024-03-19 10:32:56.500,"[-1.689521074295044, 7.9134111404418945, 5.338696479797363]","[-0.8258879780769348, -0.4779959917068481, -0.2922030091285705, 0.0635979995131492, -0.9701971411705016, -0.8516603708267212, 2.5185163021087646]","[11.3125, -40.0, -18.875]","[-0.4637863337993622, -0.7339982390403748, 0.116221472620964]","[-33.75, -61.6875, 3.0625]","[-5.715099811553955, 1.4434999227523804, 0.4394999742507934]","[-0.4262268543243408, -0.6834360361099243, 0.0724137127399444]","[3.650699853897095, 7.378199577331543, 5.329400062561035]",,
2024-03-19 10:32:56.600,"[-0.9059467911720276, 6.757490634918213, 6.764280796051025]","[-0.8143360018730164, -0.4933669865131378, -0.3032250106334686, 0.038706000894308, -1.0165907144546509, -0.894761323928833, 2.524165868759156]","[13.5, -40.625, -16.9375]","[-0.4169068038463592, -0.3638313412666321, 0.5497438311576843]","[-31.5625, -62.3125, 5.0]","[-2.2191998958587646, 1.0203999280929563, -2.903899908065796]","[-0.3552094101905823, -0.4098381996154785, 0.4872260987758636]","[3.229099988937378, 7.649699687957764, 5.217599868774414]",,
2024-03-19 10:32:56.700,"[-0.3371419012546539, 10.267074584960938, 1.344325065612793]","[-0.7930110096931458, -0.5211640000343323, -0.3148129880428314, 0.0203259997069835, -1.1097368001937866, -0.9506266117095948, 2.4727394580841064]","[16.8125, -41.125, -14.375]","[-0.3163409233093261, -0.2385341525077819, 0.680765688419342]","[-28.25, -62.8125, 7.5625]","[-5.309799671173096, 1.128600001335144, 0.2446999996900558]","[-0.3861890137195587, -0.3087312877178192, 0.7357959151268005]","[2.535599946975708, 7.9803996086120605, 5.1041998863220215]",,
2024-03-19 10:32:56.800,"[1.2075203657150269, 9.385902404785156, 4.551262855529785]","[-0.7679060101509094, -0.5542349815368652, -0.3210990130901336, 0.0061429999768733, -1.2262088060379028, -1.0107976198196411, 2.383095026016236]","[19.9375, -39.8125, -12.75]","[-0.1982693970203399, -0.3472332656383514, 0.842330813407898]","[-25.125, -61.5, 9.1875]","[-2.8085999488830566, 2.6977999210357666, 1.4169999361038208]","[-0.2855358719825744, -0.0295309703797101, 0.7468787431716919]","[1.7595999240875244, 8.308699607849121, 4.902899742126465]",,
2024-03-19 10:32:56.900,"[0.4371908009052276, 9.693510055541992, 3.1102211475372314]","[0.7426589727401733, 0.5881180167198181, 0.3202689886093139, 0.0010860000038519, -1.3568276166915894, -1.0638638734817505, 2.258646249771118]","[23.375, -38.1875, -10.9375]","[-0.1370607018470764, 0.1044928655028343, 0.9504714012145996]","[-21.6875, -59.875, 11.0]","[0.5916999578475952, -4.002799987792969, 0.2775000035762787]","[-0.2504023909568786, -0.0357268899679183, 0.913906753063202]","[1.0109000205993652, 8.573299407958984, 4.652499675750732]",,
2024-03-19 10:32:57.000,"[-0.8242661952972412, 3.626286506652832, 4.161237239837647]","[-0.7138850092887878, -0.6258320212364197, -0.3140519857406616, 0.0085439998656511, -1.5285392999649048, -1.0933640003204346, 2.061460494995117]","[26.3125, -35.625, -11.1875]","[-0.1131322383880615, -0.3334625959396362, 0.9737017154693604]","[-18.75, -57.3125, 10.75]","[-2.5314998626708984, 0.5227000117301941, -0.7152999639511108]","[0.0207519643008708, -0.5955936312675476, 0.7033153176307678]","[0.1902999877929687, 8.710000038146973, 4.502099990844727]",right,STOP
2024-03-19 10:32:57.100,"[0.1556135416030883, 7.630090713500977, 6.475731372833252]","[-0.6843680143356323, -0.6561539769172668, -0.317559003829956, 0.0160280000418424, -1.707668662071228, -1.0928075313568115, 1.8764227628707888]","[29.6875, -32.875, -10.6875]","[-0.4714483320713043, 0.1897347420454025, 0.8745321035385132]","[-15.375, -54.5625, 11.25]","[-2.9605000019073486, -0.659500002861023, 0.1178999990224838]","[-0.3078411817550659, -0.0316951796412467, 0.8215264678001404]","[-0.6154999732971191, 8.707499504089355, 4.468699932098389]",left,START
2024-03-19 10:32:57.200,"[-4.781105995178223, 11.906231880187988, 5.450850009918213]","[-0.6582840085029602, -0.6936410069465637, -0.292383998632431, 0.005901999771595, -1.897594928741455, -1.14274001121521, 1.6616281270980835]","[32.125, -30.9375, -8.25]","[-0.6877120733261108, 0.4329638183116913, 0.2350958436727523]","[-12.9375, -52.625, 13.6875]","[0.0219000000506639, -7.367099761962891, 4.424499988555908]","[-0.8226085901260376, 1.0528523921966553, 0.4261046946048736]","[-1.3066999912261963, 8.921799659729004, 3.855299949645996]",,
2024-03-19 10:32:57.300,"[0.3748075067996979, -3.614191055297852, 13.716314315795898]","[-0.6327009797096252, -0.7323259711265564, -0.2508279979228973, 0.0216920003294944, -2.087578535079956, -1.1575071811676023, 1.3866231441497805]","[34.125, -28.8125, -9.125]","[-0.4020889401435852, -0.4321609735488891, 0.4561417996883392]","[-10.9375, -50.5, 12.8125]","[2.73669981956482, 6.704599857330322, -1.8181999921798704]","[-0.0321664176881313, -0.1537809669971466, -0.5721712708473206]","[-1.9458999633789065, 8.980899810791016, 3.42419981956482]",,
2024-03-19 10:32:57.400,"[0.0660320818424224, 8.373289108276367, 4.649213790893555]","[-0.622298002243042, -0.7485039830207825, -0.2264949977397918, 0.0344120003283023, -2.1605477333068848, -1.1579855680465698, 1.259468674659729]","[35.125, -27.75, -7.9375]","[-0.9427046775817872, 0.4757592976093292, 0.1569923609495163]","[-9.9375, -49.4375, 14.0]","[7.93649959564209, -4.7388997077941895, 0.8661999702453613]","[-0.9543983936309814, 0.3234444260597229, 0.5368981957435608]","[-2.187999963760376, 8.982799530029297, 3.269599914550781]",,
2024-03-19 10:32:57.500,"[1.2299301624298096, 6.253415584564209, 3.3638532161712646]","[-0.6231520175933838, -0.7587389945983887, -0.1888830065727234, 0.0178539995104074, -2.2744035720825195, -1.2193472385406494, 1.1134599447250366]","[34.875, -28.125, -7.9375]","[0.624478816986084, -0.1719149351119995, -0.0089011788368225]","[-10.1875, -49.8125, 14.0]","[4.088500022888184, -4.920000076293945, -1.8458999395370483]","[0.3604628443717956, 0.0441219247877597, -1.143592119216919]","[-2.1840999126434326, 9.207200050354004, 2.574199914932251]",,
2024-03-19 10:32:57.600,"[1.5347886085510254, 11.34952163696289, 0.2358192950487136]","[-0.626708984375, -0.7534019947052002, -0.1945970058441162, 0.0418500006198883, -2.172912120819092, -1.1891154050827026, 1.189129114151001]","[34.375, -28.375, -9.8125]","[0.8120667934417725, -0.4085815846920013, -0.0916646942496299]","[-10.6875, -50.0625, 12.125]","[0.0911999940872192, 5.408599853515625, -1.2211999893188477]","[0.8850913643836975, -0.50221848487854, -0.106395274400711]","[-2.06879997253418, 9.100899696350098, 3.0102999210357666]",,
2024-03-19 10:32:57.700,"[-2.0054407119750977, 13.007650375366213, 6.010317802429199]","[-0.6399409770965576, -0.7310649752616882, -0.2308339923620224, 0.0522879995405674, -2.01167893409729, -1.1470067501068115, 1.3889106512069702]","[33.625, -28.5, -11.125]","[-0.1370083391666412, 0.3523121476173401, -0.4559847116470337]","[-11.4375, -50.1875, 10.8125]","[1.7098000049591064, -2.875200033187866, 3.388700008392334]","[-0.1953198015689849, 0.422230064868927, -0.1911310106515884]","[-1.7207999229431152, 8.939099311828613, 3.6469998359680176]",,
2024-03-19 10:32:57.800,"[1.6519033908843994, 11.268118858337402, 3.3870198726654053]","[-0.6544089913368225, -0.7225580215454102, -0.2172019928693771, 0.0498090013861656, -1.9416606426239007, -1.1785684823989868, 1.441872000694275]","[32.3125, -30.8125, -11.375]","[-0.3048391938209533, 0.7225837707519531, -0.3170390427112579]","[-12.75, -52.5, 10.5625]","[-0.2400999963283538, 1.8494999408721924, 1.16349995136261]","[-0.3433062732219696, 0.8552287817001343, -0.172124370932579]","[-1.3585000038146973, 9.06190013885498, 3.4937000274658203]",,
2024-03-19 10:32:57.900,"[-3.6896276473999023, 15.322842597961426, 2.573824167251587]","[-0.6688889861106873, -0.7156090140342712, -0.1957170069217682, 0.0467300005257129, -1.868356704711914, -1.2198107242584229, 1.487619161605835]","[31.5625, -31.75, -11.125]","[0.4288797676563263, -0.347809225320816, -0.591143012046814]","[-13.5, -53.4375, 10.8125]","[0.9072999954223632, 0.3863999843597412, 1.4843000173568726]","[0.236753910779953, 0.2205398082733154, -0.2805093228816986]","[-0.9884999990463256, 9.208700180053713, 3.2235000133514404]",,
2024-03-19 10:32:58.000,"[-0.6588172316551208, 6.945770740509033, 4.745585441589356]","[-0.6760849952697754, -0.7069159746170044, -0.2011110037565231, 0.0522629991173744, -1.7990918159484863, -1.207834243774414, 1.556918740272522]","[29.6875, -32.25, -11.9375]","[-0.3991917073726654, 0.1009149402379989, -0.2379058301448822]","[-15.375, -53.9375, 10.0]","[-2.276599884033203, 4.66949987411499, 0.531499981880188]","[-0.1521228998899459, 0.0726406052708625, -0.2732836604118347]","[-0.7878999710083008, 9.167699813842772, 3.39139986038208]",left,STOP
2024-03-19 10:32:58.100,"[-2.711519479751587, 20.375883102416992, -6.697127819061279]","[-0.6904820203781128, -0.7000899910926819, -0.1767950057983398, 0.0430239997804164, -1.7103769779205322, -1.2583558559417725, 1.6230156421661377]","[28.9375, -33.0, -11.9375]","[0.2977531552314758, 0.1994562298059463, -0.5549798011779785]","[-16.125, -54.6875, 10.0]","[-2.4220998287200928, -1.9287999868392944, 2.0566999912261963]","[0.2415361106395721, 1.0066709518432615, 0.1020843088626861]","[-0.4192999899387359, 9.331799507141112, 2.984999895095825]",right,START
2024-03-19 10:32:58.200,"[0.2455110102891922, 7.109706401824951, 0.863904595375061]","[-0.7001309990882874, -0.6890580058097839, -0.1778530031442642, 0.0581559985876083, -1.6098583936691284, -1.2350822687149048, 1.703624963760376]","[27.0625, -33.5625, -13.8125]","[0.4633499979972839, 0.0325678437948226, -0.8259072303771973]","[-18.0, -55.25, 8.125]","[-1.4749000072479248, -2.628000020980835, 3.982999801635742]","[0.6540970206260681, 0.5377534031867981, -0.5862910151481628]","[-0.1261000037193298, 9.259200096130373, 3.228199958801269]",,
2024-03-19 10:32:58.300,"[1.2134867906570437, 22.96712684631348, -1.8718730211257928]","[-0.7157250046730042, -0.6699090003967285, -0.1826499998569488, 0.0748199969530105, -1.4723544120788574, -1.198816180229187, 1.8245618343353271]","[26.0, -33.6875, -16.0625]","[1.2843878269195557, -0.1938711702823639, -0.2836334705352783]","[-19.0625, -55.375, 5.875]","[-4.380300045013428, 0.8779000043869019, 0.9674999713897704]","[1.1186338663101196, 0.9514487981796264, -0.2701769769191742]","[0.35029998421669, 9.135899543762209, 3.546999931335449]",,
2024-03-19 10:32:58.400,"[1.4683446884155271, 12.85055160522461, -0.2644826769828796]","[-0.7248889803886414, -0.6499660015106201, -0.1958580017089843, 0.1171279996633529, -1.3930364847183228, -1.1116372346878052, 1.8629562854766848]","[24.5, -34.5, -19.0625]","[0.4278674721717834, 0.2852391600608825, -0.4154407083988189]","[-20.5625, -56.1875, 2.875]","[-1.1917999982833862, 2.604599952697754, 3.022599935531616]","[0.0834965482354164, 0.3075619339942932, -0.2181137949228286]","[0.7684999704360962, 8.790900230407715, 4.277699947357178]",,
2024-03-19 10:32:58.500,"[-4.775331020355225, 3.8988425731658936, 5.079462051391602]","[-0.7447959780693054, -0.6229349970817566, -0.2021230012178421, 0.1279650032520294, -1.2713027000427246, -1.0678986310958862, 1.978614926338196]","[21.25, -36.0, -19.4375]","[-0.0894830301403999, 0.1010894700884819, -1.0475640296936035]","[-23.8125, -57.6875, 2.5]","[-3.1675000190734863, -8.71780014038086, 0.8682999610900879]","[0.133657306432724, -0.060737457126379, -1.1456689834594729]","[1.3944000005722046, 8.592499732971191, 4.515999794006348]",,
2024-03-19 10:32:58.600,"[-0.8940140604972839, 3.49402117729187, 5.333189487457275]","[-0.7724530100822449, -0.5837370157241821, -0.2129539996385574, 0.1312109977006912, -1.1294344663619995, -1.0083160400390625, 2.1325550079345703]","[18.4375, -36.375, -21.625]","[0.3552966713905334, 0.5342976450920105, -0.8907811641693115]","[-26.625, -58.0625, 0.3125]","[1.964299917221069, -0.6371999979019165, 3.2391998767852783]","[0.4443782866001129, 0.4389851987361908, -0.5147499442100525]","[2.2338998317718506, 8.295700073242188, 4.728499889373779]",,
2024-03-19 10:32:58.700,"[-0.3983951807022095, 5.967346668243408, 7.3225417137146]","[-0.7954379916191101, -0.5446730256080627, -0.2220620065927505, 0.1459320038557052, -1.0293821096420288, -0.930126130580902, 2.2257003784179688]","[14.375, -37.6875, -22.25]","[0.0277507342398166, 0.522516667842865, -1.0041751861572266]","[-30.6875, -59.375, -0.3125]","[-7.019299983978272, -0.7547999620437622, -7.476799964904785]","[0.1982693970203399, -1.51754629611969, -0.8618435859680176]","[3.0207998752593994, 7.861899852752685, 5.023399829864502]",,
2024-03-19 10:32:58.800,"[-1.5658750534057615, 0.0626993551850318, 9.57032299041748]","[-0.813808023929596, -0.507407009601593, -0.2548489868640899, 0.1237139999866485, -0.989289939403534, -0.8676430583000183, 2.3501579761505127]","[11.5625, -37.9375, -23.0]","[0.4141142666339874, -0.2311514019966125, -0.1585806161165237]","[-33.5, -59.625, -1.0625]","[-3.719099998474121, 3.0116000175476074, -2.131500005722046]","[0.2607522010803222, -0.5083969831466675, -0.4495968222618103]","[3.483099937438965, 7.480499744415283, 5.2988996505737305]",,
2024-03-19 10:32:58.900,"[-7.809129238128662, 1.532633900642395, 7.950540542602539]","[-0.816100001335144, -0.4914039969444275, -0.2773469984531402, 0.1248219981789588, -1.0077098608016968, -0.8224743008613586, 2.366137981414795]","[9.8125, -38.0625, -24.0]","[-0.5446997880935669, -0.9251117706298828, -1.2189728021621704]","[-35.25, -59.75, -2.0625]","[-3.386899948120117, -1.524399995803833, 0.2626999914646148]","[-0.1641656756401062, -0.0136310216039419, -1.096695065498352]","[3.561699867248535, 7.1865997314453125, 5.642299652099609]",,
2024-03-19 10:32:59.000,"[1.8037341833114624, 10.121411323547363, 5.051660060882568]","[-0.8349990248680115, -0.455278992652893, -0.2967379987239837, 0.0862739980220794, -0.9514042139053344, -0.7882400751113892, 2.513568878173828]","[7.8125, -40.0, -21.9375]","[0.0480140075087547, -0.9965131878852844, -0.3618416488170624]","[-37.25, -61.6875, 0.0]","[2.577800035476685, -12.206799507141112, 13.534099578857422]","[-0.444535344839096, -0.2716605067253113, -0.6765594482421875]","[4.014100074768066, 6.953999996185303, 5.62999963760376]",,
2024-03-19 10:32:59.100,"[-6.5265936851501465, 9.753786087036133, 13.737412452697754]","[-0.834505021572113, -0.4437730014324188, -0.3197500109672546, 0.0665209963917732, -0.9752244353294371, -0.772770345211029, 2.5575039386749268]","[7.8125, -40.6875, -20.4375]","[-0.582433819770813, -0.314473420381546, 0.7846476435661316]","[-37.25, -62.375, 1.5]","[-2.0555999279022217, 3.209699869155884, 9.522899627685549]","[-0.3437775075435638, 0.4929158985614776, 0.1872738301753997]","[3.9387998580932617, 6.846199989318848, 5.812399864196777]",,
2024-03-19 10:32:59.200,"[0.5762172937393188, 4.883070468902588, 6.759750843048096]","[-0.824554979801178, -0.460435003042221, -0.3238979876041412, 0.0565360002219677, -1.0124412775039673, -0.8076779246330261, 2.53942346572876]","[10.125, -40.6875, -19.875]","[-0.8636412620544434, 0.0901637077331543, 0.3861715495586395]","[-34.9375, -62.375, 2.0625]","[-5.339099884033203, 1.594099998474121, -0.4805999994277954]","[-0.6634520292282104, -0.4907865822315216, 0.5358335375785828]","[3.59089994430542, 7.087100028991699, 5.74869966506958]",,
2024-03-19 10:32:59.300,"[2.14174747467041, 8.036559104919434, 6.286905288696289]","[-0.8088259696960449, -0.4936740100383758, -0.3178719878196716, 0.0322970002889633, -1.0538164377212524, -0.8915718793869019, 2.519446611404419]","[13.3125, -40.875, -16.625]","[-0.3143337965011596, -0.6046169400215149, 0.3839549720287323]","[-31.75, -62.5625, 5.3125]","[-2.7574000358581543, -2.281800031661988, 2.062999963760376]","[-0.3089931011199951, -0.945183038711548, 0.2599667906761169]","[3.0447998046875, 7.630099773406982, 5.355299949645996]",,
2024-03-19 10:32:59.400,"[3.387105941772461, 9.215339660644531, 2.471112966537476]","[-0.7876489758491516, -0.5161259770393372, -0.3364549875259399, 0.0043970001861453, -1.1475163698196411, -0.9443113803863524, 2.492846965789795]","[15.0, -41.125, -14.5]","[-0.2870194017887115, -0.214623138308525, 0.6892479658126831]","[-30.0625, -62.8125, 7.4375]","[-3.8782999515533447, -1.1866999864578247, 0.321399986743927]","[-0.494155079126358, -0.170309230685234, 0.6362074017524719]","[2.361599922180176, 7.944299697875977, 5.242199897766113]",,
2024-03-19 10:32:59.500,"[0.9111661314964294, 11.023842811584473, 0.6763811111450195]","[0.7654849886894226, 0.5498430132865906, 0.3339459896087646, 0.0136019997298717, -1.2366379499435425, -1.0176538228988647, 2.421603918075561]","[18.9375, -40.4375, -12.25]","[-0.2227214723825454, -0.3935193717479706, 0.9146223664283752]","[-26.125, -62.125, 9.6875]","[-1.9388999938964844, -5.202300071716309, 2.15779995918274]","[-0.3916693329811096, -0.0971275717020034, 0.9388474822044371]","[1.6897000074386597, 8.344200134277344, 4.867000102996826]",right,STOP
2024-03-19 10:32:59.600,"[0.5249526500701904, 9.03569793701172, 3.7061378955841056]","[0.7319819927215576, 0.5888090133666992, 0.3420960009098053, 0.0218049995601177, -1.4192771911621094, -1.0694035291671753, 2.260005712509156]","[23.1875, -38.375, -10.25]","[-0.2249380350112915, 0.1178097277879715, 1.5719830989837646]","[-21.875, -60.0625, 11.6875]","[-1.6265000104904177, -4.388499736785889, -0.2586999833583832]","[-0.3256784379482269, 0.0256563406437635, 1.4410310983657837]","[0.7113999724388123, 8.599599838256836, 4.659499645233154]",left,START
2024-03-19 10:32:59.700,"[-0.1839321404695511, 9.23896598815918, 3.123533010482788]","[0.6890209913253784, 0.6451039910316467, 0.330145001411438, 0.0096920002251863, -1.684017539024353, -1.1092835664749146, 1.956414103507996]","[27.875, -35.875, -8.875]","[-0.2260026782751083, 0.0289899185299873, 1.1474143266677856]","[-17.1875, -57.5625, 13.0625]","[-0.3107999861240387, -8.759099960327148, 2.385900020599365]","[-0.2634749114513397, 0.1691922098398208, 1.1919900178909302]","[-0.4932999908924103, 8.780599594116211, 4.338900089263916]",,
2024-03-19 10:32:59.800,"[-2.06251859664917, 6.366459846496582, 5.588708400726318]","[-0.6503999829292297, -0.6901879906654358, -0.3171980082988739, 0.0019339999416843, -1.9257991313934328, -1.1119625568389893, 1.6777275800704956]","[32.0625, -32.0, -7.9375]","[-0.6055768728256226, 0.2446951568126678, 1.20197331905365]","[-13.0, -53.6875, 14.0]","[4.2281999588012695, -6.633399963378906, 3.3148999214172363]","[-0.7311707735061646, 0.4007275998592376, 1.014507532119751]","[-1.5096999406814575, 8.7923002243042, 4.072499752044678]",,
2024-03-19 10:32:59.900,"[0.8539159297943115, 11.267955780029297, 5.435326099395752]","[-0.6164199709892273, -0.7301300168037415, -0.2942619919776916, 0.0185589995235204, -2.1213982105255127, -1.095617651939392, 1.4240989685058594]","[35.1875, -27.9375, -8.125]","[-0.3343178033828735, 0.6567848324775696, 1.1864748001098633]","[-9.875, -49.625, 13.8125]","[1.7374999523162842, 4.621399879455566, -0.5669000148773193]","[-0.3022037446498871, 0.6698224544525146, 0.7393738031387329]","[-2.3473000526428223, 8.720099449157715, 3.823400020599365]",,
2024-03-19 10:33:00.000,"[2.873032569885254, 3.320585489273072, 6.07343864440918]","[-0.5859779715538025, -0.766294002532959, -0.26111900806427, 0.0351880006492137, -2.283017873764038, -1.0752021074295044, 1.189659833908081]","[36.6875, -25.3125, -7.5625]","[-0.2427229434251785, 0.1229409947991371, 0.5719269514083862]","[-8.375, -47.0, 14.375]","[8.294400215148926, -3.772899866104126, 3.8641998767852783]","[-0.2370331585407257, 0.1253146380186081, 0.217136412858963]","[-3.0476999282836914, 8.626699447631836, 3.529899835586548]",,
2024-03-19 10:33:00.100,"[-0.6587598323822021, 19.248815536499023, 3.817075729370117]","[-0.578328013420105, -0.7778120040893555, -0.2428459972143173, 0.0396159999072551, -2.3344430923461914, -1.076746702194214, 1.1046485900878906]","[37.9375, -23.8125, -7.875]","[0.2532996237277984, 0.4651302397251129, -0.0574911460280418]","[-7.125, -45.5, 14.0625]","[9.36259937286377, 3.299599885940552, -0.0064999996684491]","[-0.1627344936132431, 0.5476145148277283, 0.567441463470459]","[-3.21589994430542, 8.633899688720703, 3.3588998317718506]",,
2024-03-19 10:33:00.200,"[2.855602741241455, 9.457690238952637, 5.589532375335693]","[-0.5653200149536133, -0.7890380024909973, -0.235956996679306, 0.0464139990508556, -2.379858493804932, -1.0556377172470093, 1.0398213863372805]","[37.875, -23.3125, -8.75]","[0.3066368997097015, 0.1513898521661758, 0.0383274294435977]","[-7.1875, -45.0, 13.1875]","[6.53309965133667, -12.812299728393556, 5.243899822235107]","[0.1690351366996765, 0.6322629451751709, 0.005410520825535]","[-3.4961998462677, 8.533900260925293, 3.3344998359680176]",,
2024-03-19 10:33:00.300,"[-3.084995746612549, 17.276060104370117, 4.748554229736328]","[-0.5801360011100769, -0.7768570184707642, -0.2393700033426284, 0.0513379983603954, -2.303395986557007, -1.0691412687301636, 1.113567352294922]","[37.1875, -23.9375, -9.6875]","[-0.0344702526926994, 0.4420046210289001, -0.4261570274829864]","[-7.875, -45.625, 12.25]","[4.524399757385254, -2.928499937057495, 3.013999938964844]","[-0.1104618906974792, 0.6079854369163513, -0.3754726946353912]","[-3.153899908065796, 8.598299980163574, 3.505800008773804]",,
2024-03-19 10:33:00.400,"[-2.336788892745972, 10.396925926208496, 7.851640701293945]","[-0.5905439853668213, -0.7710649967193604, -0.226840004324913, 0.072512999176979, -2.2263028621673584, -1.0712456703186035, 1.1410026550292969]","[35.9375, -25.375, -11.0625]","[-0.2038195431232452, 0.3538829684257507, -0.7748563885688782]","[-9.125, -47.0625, 10.875]","[1.364199995994568, -2.5172998905181885, 2.2391998767852783]","[-0.263265460729599, 0.2586228847503662, -0.5881584882736206]","[-2.863499879837036, 8.608200073242188, 3.723999977111816]",,
2024-03-19 10:33:00.500,"[-2.17839789390564, 8.79752254486084, 7.167703628540039]","[-0.6104220151901245, -0.7587639689445496, -0.2166019976139068, 0.0688749998807907, -2.1574976444244385, -1.1117953062057495, 1.19904363155365]","[34.0625, -27.0, -12.5]","[0.3022910356521606, 1.0697122812271118, -0.4856204092502594]","[-11.0, -48.6875, 9.4375]","[0.7294999957084656, -0.9508000016212464, 1.0608999729156494]","[0.4097858667373657, 0.8768359422683716, -0.3733084797859192]","[-2.4052999019622803, 8.791600227355957, 3.618199825286865]",,
2024-03-19 10:33:00.600,"[-1.756798267364502, 6.325193405151367, 5.792770862579346]","[-0.633994996547699, -0.7402819991111755, -0.203138992190361, 0.0936319977045059, -1.99422299861908, -1.1212159395217896, 1.3063982725143433]","[31.5625, -28.875, -15.25]","[0.2111673802137375, 0.7154104709625244, -0.7286749482154846]","[-13.5, -50.5625, 6.6875]","[0.1473999917507171, -0.8930999636650085, 3.108999967575073]","[0.1500284969806671, 0.2870368361473083, -0.7335793375968933]","[-1.751099944114685, 8.832099914550781, 3.88539981842041]",,
2024-03-19 10:33:00.700,"[2.1191272735595703, 11.581615447998049, 4.845883369445801]","[-0.6701980233192444, -0.7064840197563171, -0.1978950053453445, 0.1120340004563331, -1.7496294975280762, -1.1258330345153809, 1.5165338516235352]","[27.875, -30.8125, -17.5625]","[0.0039793509058654, -0.0510159730911254, -1.0395530462265017]","[-17.1875, -52.5, 4.375]","[-0.8211999535560608, -3.75, 6.451600074768066]","[0.041399210691452, 0.5426228642463684, -1.1280237436294556]","[-0.7507999539375305, 8.851699829101562, 4.15369987487793]",,
2024-03-19 10:33:00.800,"[-0.5572169423103333, 13.28903579711914, -0.9039356708526612]","[-0.7056329846382141, -0.6747639775276184, -0.1886789947748184, 0.1057109981775283, -1.5263501405715942, -1.1490625143051147, 1.7353017330169678]","[24.75, -34.875, -17.875]","[0.1897347420454025, 0.5838475227355957, -0.9709790349006652]","[-20.3125, -56.5625, 4.0625]","[-3.9838998317718506, 2.248499870300293, -0.0182999987155199]","[0.06955137103796, 0.715375542640686, -0.8562759757041931]","[0.178299993276596, 8.947400093078613, 4.010200023651123]",left,STOP
2024-03-19 10:33:00.900,"[-0.2572234570980072, 11.99732494354248, 0.2683229744434356]","[-0.7380390167236328, -0.6393190026283264, -0.182545006275177, 0.1150899976491928, -1.299465537071228, -1.1236079931259155, 1.93999183177948]","[20.625, -36.0625, -20.0]","[0.9998816847801208, -0.518502414226532, -1.141008973121643]","[-24.4375, -57.75, 1.9375]","[2.8090999126434326, 3.423699855804444, -4.354700088500977]","[0.864670991897583, -0.2241002768278122, -1.2865519523620603]","[1.1365000009536743, 8.842299461364746, 4.0854997634887695]",right,START
2024-03-19 10:33:01.000,"[2.6042306423187256, 4.849302291870117, 5.855738162994385]","[-0.7736579775810242, -0.5845580101013184, -0.2072899937629699, 0.1295180022716522, -1.1164027452468872, -1.0175065994262695, 2.1395819187164307]","[16.5, -37.375, -21.75]","[0.5641078948974609, -0.9241518378257751, -1.339609980583191]","[-28.5625, -59.0625, 0.1875]","[-8.339599609375, -8.444099426269531, -0.1895999908447265]","[-0.0105417883023619, 0.1953547000885009, -1.3962284326553345]","[2.2618000507354736, 8.343500137329102, 4.630300045013428]",,
2024-03-19 10:33:01.100,"[1.7963982820510864, 22.82725715637207, -2.8614063262939453]","[-0.8097999691963196, -0.5236690044403076, -0.235626995563507, 0.1203050017356872, -0.9799527525901794, -0.9131613969802856, 2.334172487258911]","[11.6875, -38.25, -22.6875]","[1.3102360963821411, -0.015777776017785, -0.7174350619316101]","[-33.375, -59.9375, -0.75]","[-7.765199661254883, -9.931099891662598, 3.094799995422364]","[0.7248701453208923, -1.1930372714996338, -0.8463799357414246]","[3.339099884033203, 7.7612996101379395, 4.977999687194824]",,
2024-03-19 10:33:01.200,"[-3.506040334701538, 11.526424407958984, -0.0490332506597042]","[-0.8218870162963867, -0.4850159883499145, -0.2688739895820617, 0.1302520036697387, -0.9754542112350464, -0.8142543435096741, 2.377480983734131]","[9.875, -37.5, -24.0]","[-0.2764776051044464, 0.0324631221592426, -0.8151211142539978]","[-35.375, -59.125, -1.6875]","[-7.149299621582031, -1.1173999309539795, 4.100299835205078]","[-1.016916036605835, -0.0268257111310958, -0.438967764377594]","[3.7747998237609854, 7.131499767303467, 5.573299884796143]",,
2024-03-19 10:33:01.300,"[-0.991122841835022, 12.996244430541992, 8.528424263000488]","[-0.8392869830131531, -0.451101005077362, -0.2898910045623779, 0.0898120030760765, -0.9281773567199708, -0.7826135158538818, 2.5210676193237305]","[8.3125, -39.5, -22.5625]","[-0.1188220158219337, -0.0353080108761787, -0.2561096251010895]","[-36.9375, -61.125, -0.25]","[4.978099822998047, -8.041399955749512, 7.742599964141846]","[0.3553664982318878, -0.5361302495002747, -0.4520053565502167]","[4.167200088500977, 6.914999961853027, 5.566499710083008]",,
2024-03-19 10:33:01.400,"[-9.605863571166992, 0.9291609525680542, 6.996833801269531]","[-0.8351860046386719, -0.4461019933223724, -0.3144049942493438, 0.0678670033812522, -0.9666571021080016, -0.778877317905426, 2.5551156997680664]","[8.5625, -39.75, -22.625]","[-0.5070704817771912, -0.800285816192627, -0.0235095843672752]","[-36.6875, -61.375, -0.3125]","[-5.48420000076294, -2.353899955749512, -3.866400003433228]","[-0.3109652996063232, 1.1272034645080566, -0.1432042717933654]","[3.964599847793579, 6.888899803161621, 5.74399995803833]",,
2024-03-19 10:33:01.500,"[-8.129234313964844, 5.719489097595215, 7.736748218536377]","[-0.8438349962234497, -0.4459579885005951, -0.2915799915790558, 0.063580997288227, -0.9036953449249268, -0.7974140048027039, 2.5878210067749023]","[8.375, -40.4375, -21.3125]","[-0.672126293182373, -0.4909960329532623, -0.2385341525077819]","[-36.875, -62.0625, 1.0]","[-4.848099708557129, -0.2685000002384186, 1.0121999979019165]","[-0.6469586491584778, 0.1117185279726982, -0.7198086977005005]","[4.238399982452393, 7.017099857330322, 5.381899833679199]",,
2024-03-19 10:33:01.600,"[3.189737558364868, 21.49419593811035, 1.1940937042236328]","[-0.8500739932060242, -0.435837984085083, -0.2923949956893921, 0.043843999505043, -0.872770369052887, -0.7971242070198059, 2.650684595108032]","[7.125, -41.75, -19.9375]","[0.6300987601280212, 0.4003610610961914, 0.2219011634588241]","[-38.125, -63.375, 2.375]","[-6.7764997482299805, 5.2017998695373535, 0.3012000024318695]","[0.7655013799667358, -0.4550946056842804, 0.3938160836696625]","[4.404099941253662, 7.015100002288818, 5.249799728393555]",,
2024-03-19 10:33:01.700,"[-3.043030261993408, 2.7126495838165283, 5.853085994720459]","[-0.8496379852294922, -0.4306539893150329, -0.3037979900836944, 0.0189009997993707, -0.8752557635307312, -0.8042575120925903, 2.7042484283447266]","[8.0, -41.625, -20.0625]","[-0.4017922580242157, -0.4650429785251617, -0.3027099072933197]","[-37.25, -63.25, 2.25]","[-4.4045000076293945, -0.6074000000953674, -0.1683000028133392]","[-0.4139048159122467, -0.6415655612945557, -0.2740865051746368]","[4.35890007019043, 7.063799858093262, 5.2221999168396]",,
2024-03-19 10:33:01.800,"[1.4987224340438845, 11.06264877319336, 7.4740753173828125]","[-0.8340150117874146, -0.4495700001716614, -0.3198190033435821, 0.0045150001533329, -0.941663920879364, -0.8435505032539368, 2.6816744804382324]","[8.5625, -42.0625, -18.25]","[-0.379050612449646, -0.2692694067955017, 0.147794485092163]","[-36.6875, -63.6875, 4.0625]","[-4.72599983215332, 10.251399993896484, -1.2103999853134155]","[-0.4114264547824859, -0.2422866076231002, 0.2111150324344635]","[3.8362998962402335, 7.325599670410156, 5.271299839019775]",,
2024-03-19 10:33:01.900,"[-2.356832981109619, 7.576815605163574, 8.084280967712402]","[0.8132979869842529, 0.4821459949016571, 0.3250499963760376, 0.0205930005759, -1.0041639804840088, -0.9233791828155518, 2.65890908241272]","[11.1875, -42.25, -16.9375]","[-0.6298718452453613, -0.6803467869758606, 0.5727646946907043]","[-34.0625, -63.875, 5.375]","[-4.713900089263916, 5.618000030517578, -4.571599960327148]","[-0.40776127576828, -0.4795117676258087, 0.4311137795448303]","[3.174899816513061, 7.822199821472168, 4.990200042724609]",,
2024-03-19 10:33:02.000,"[-1.9005173444747925, 6.1236114501953125, 3.0703721046447754]","[0.7815809845924377, 0.5374130010604858, 0.3131349980831146, 0.0475840009748935, -1.0942758321762085, -1.054926514625549, 2.5812206268310547]","[14.4375, -42.625, -13.75]","[-1.144744038581848, -0.994279146194458, 0.34681436419487]","[-30.8125, -64.25, 8.5625]","[-1.7436000108718872, 7.554699897766113, -4.214499950408936]","[-0.9470505714416504, -0.1637817025184631, 0.7601258158683777]","[2.218899965286255, 8.530399322509766, 4.298599720001221]",,
2024-03-19 10:33:02.100,"[2.864259958267212, 14.288921356201172, 2.527242660522461]","[0.7248420119285583, 0.606207013130188, 0.3222160041332245, 0.0573789998888969, -1.4274506568908691, -1.1574591398239136, 2.2697551250457764]","[19.9375, -41.6875, -10.1875]","[-0.1627868562936782, -0.9243787527084352, 0.9036616683006288]","[-25.3125, -63.3125, 12.125]","[-4.753699779510498, 20.84630012512207, -1.4174000024795532]","[-0.2088984549045562, -0.3894527554512024, 1.4650119543075562]","[0.5625999569892883, 8.980799674987793, 3.8984999656677246]",,
2024-03-19 10:33:02.200,"[-0.0730614587664604, 8.484217643737793, 0.5711032748222351]","[0.6637200117111206, 0.6752550005912781, 0.3195149898529053, 0.0376130007207393, -1.8723371028900144, -1.169092893600464, 1.7905458211898804]","[26.25, -37.875, -6.8125]","[0.0905302315950393, 0.2190737277269363, 1.9201414585113523]","[-19.0, -59.5, 15.5]","[0.373199999332428, 0.4968999922275543, 3.196499824523926]","[-0.2232625186443328, 0.6775542497634888, 2.23260760307312]","[-1.138700008392334, 9.026000022888184, 3.661199808120728]",right,STOP
2024-03-19 10:33:02.300,"[2.006092071533203, 0.5866655707359314, 6.397948741912842]","[0.610971987247467, 0.7391240000724792, 0.2831830084323883, 0.0146709997206926, -2.233229637145996, -1.1468613147735596, 1.3426358699798584]","[32.4375, -31.625, -5.3125]","[-0.8859989643096924, 0.2399129569530487, 1.7685246467590332]","[-12.8125, -53.25, 17.0]","[3.152400016784668, 5.439599990844727, 2.220599889755249]","[-0.902317762374878, 0.3386113345623016, 1.5569210052490234]","[-2.4809999465942383, 8.938499450683594, 3.180699825286865]",left,START
2024-03-19 10:33:02.400,"[0.1710896641016006, 5.09443998336792, 2.997732162475586]","[-0.5746920108795166, -0.7765809893608093, -0.2579100131988525, 0.0115149999037384, -2.394230365753174, -1.090050220489502, 1.1080821752548218]","[36.875, -25.9375, -5.5]","[-0.3092025220394134, -0.2444857209920883, 0.8145800828933716]","[-8.375, -47.5625, 16.8125]","[-0.3519999980926513, 12.94059944152832, -0.206399992108345]","[-0.1975014507770538, 0.0304385423660278, 1.3157165050506592]","[-3.326299905776977, 8.694999694824219, 3.082399845123291]",,
2024-03-19 10:33:02.500,"[-0.213380828499794, -1.893890142440796, 7.559797286987305]","[-0.5667030215263367, -0.7903609871864319, -0.2313120067119598, 0.0258900001645088, -2.4367785453796387, -1.0839712619781494, 1.0052727460861206]","[38.6875, -24.1875, -4.1875]","[-0.8820545077323914, -0.3933797478675842, 2.3312013149261475]","[-6.5625, -45.8125, 18.125]","[5.199899673461914, -4.383599758148193, 1.20770001411438]","[-0.677955687046051, -0.892247200012207, 0.637586236000061]","[-3.4945998191833496, 8.6673002243042, 2.972299814224243]",,
2024-03-19 10:33:02.600,"[-0.1562360227108001, 10.785544395446776, 6.378661155700684]","[-0.570713996887207, -0.7925800085067749, -0.2116539925336837, 0.0361130014061927, -2.4291553497314453, -1.0960004329681396, 0.9685500860214232]","[40.0625, -21.5625, -5.5625]","[-0.1378111988306045, -0.1287005841732025, 0.7292509078979492]","[-5.1875, -43.1875, 16.75]","[8.339699745178223, -33.2239990234375, 7.087800025939941]","[0.0772133693099021, 0.2546609938144684, 0.4138350188732147]","[-3.392699956893921, 8.72189998626709, 2.930500030517578]",,
2024-03-19 10:33:02.700,"[-22.71176147460937, 24.158462524414062, -1.6285167932510376]","[-0.5769109725952148, -0.7914689779281616, -0.1999129951000213, 0.0280039999634027, -2.4509851932525635, -1.124420404434204, 0.9405531287193298]","[40.0625, -20.6875, -5.75]","[1.260319709777832, 1.31377911567688, -2.189602851867676]","[-5.1875, -42.3125, 16.5625]","[7.7704997062683105, 7.648599624633789, 3.928699970245361]","[1.728835940361023, 1.3492616415023804, -3.0469958782196045]","[-3.263399839401245, 8.845699310302734, 2.696699857711792]",,
2024-03-19 10:33:02.800,"[0.2930023968219757, 0.4141586124897003, 10.3284330368042]","[-0.5981330275535583, -0.7836689949035645, -0.1653099954128265, 0.0277559999376535, -2.4355244636535645, -1.1898143291473389, 0.9045002460479736]","[39.125, -23.0625, -5.5]","[-0.5030736923217773, 0.3469190895557403, -0.4046371281147003]","[-6.125, -44.6875, 16.8125]","[3.354899883270264, 5.399899959564209, 0.6254000067710876]","[-0.3165852725505829, 0.3842516839504242, -1.12350332736969]","[-2.774600028991699, 9.10349941253662, 2.365900039672852]",,
2024-03-19 10:33:02.900,"[-0.7023821473121643, 7.692579746246338, 5.110816478729248]","[-0.619717001914978, -0.7719699740409851, -0.1394319981336593, 0.0238739997148513, -2.404022455215454, -1.2537109851837158, 0.903250217437744]","[37.5, -24.9375, -6.625]","[-0.5143485069274902, 0.6376385688781738, -0.3385066092014313]","[-7.75, -46.5625, 15.6875]","[-0.1903999894857406, 4.233699798583984, 4.0966997146606445]","[-0.4318642616271972, 0.5759412050247192, -0.3752108812332153]","[-2.262899875640869, 9.317699432373049, 2.0562000274658203]",,
2024-03-19 10:33:03.000,"[-1.6695151329040527, 12.908587455749512, 2.362875938415528]","[-0.6334360241889954, -0.7636929750442505, -0.1186779960989952, 0.0380209982395172, -2.3219692707061768, -1.2816119194030762, 0.9349467158317566]","[36.125, -26.3125, -6.9375]","[-0.0109083075076341, 0.6383541822433472, -0.4364544749259949]","[-9.125, -47.9375, 15.375]","[-2.1171998977661133, 11.030699729919434, 3.352099895477295]","[-0.0852418839931488, 0.6927909851074219, -0.120759330689907]","[-1.9085999727249143, 9.399399757385254, 2.0439000129699707]",,
2024-03-19 10:33:03.100,"[2.527941942214966, 1.0413532257080078, 5.957242965698242]","[-0.6580489873886108, -0.7429500222206116, -0.1061090007424354, 0.0611290000379085, -2.0726492404937744, -1.3047667741775513, 1.133126139640808]","[34.25, -28.125, -9.625]","[0.0562170557677745, 0.167045459151268, -0.1612858772277832]","[-11.0, -49.75, 12.6875]","[-0.9185999631881714, -1.2562999725341797, 3.84279990196228]","[0.2138901054859161, 0.5275606513023376, -0.6286152601242065]","[-1.2401999235153198, 9.461599349975586, 2.260200023651123]",,
2024-03-19 10:33:03.200,"[-5.8343825340271, 19.860410690307617, 4.06828498840332]","[-0.6864069700241089, -0.7155309915542603, -0.1026969999074935, 0.0794589966535568, -1.7459118366241455, -1.3091696500778198, 1.428825616836548]","[33.4375, -29.5625, -10.6875]","[0.1784075498580932, 0.4448669850826263, -0.939894676208496]","[-11.8125, -51.1875, 11.625]","[0.4748999774456024, -1.2078999280929563, 1.4347000122070312]","[0.1558229923248291, 0.4040960669517517, -0.303530216217041]","[-0.4418999850749969, 9.472899436950684, 2.4976999759674072]",,
2024-03-19 10:33:03.300,"[-3.8226590156555176, 10.953980445861816, 5.532406330108643]","[-0.7251049876213074, -0.6737890243530273, -0.0948119983077049, 0.1060179993510246, -1.3126126527786257, -1.2765878438949585, 1.8129456043243408]","[30.0, -31.5, -13.3125]","[0.1603084951639175, 0.5326220989227295, -1.198884129524231]","[-15.25, -53.125, 9.0]","[-0.6003000140190125, 5.018599987030029, -4.826299667358398]","[0.1949707269668579, 0.5734628438949585, -0.8926486372947693]","[0.7260000109672546, 9.385199546813965, 2.7493999004364014]",,
2024-03-19 10:33:03.400,"[2.298797607421875, 8.721941947937012, 3.231358051300049]","[-0.7630699872970581, -0.6188380122184753, -0.1272130012512207, 0.1363060027360916, -1.063422441482544, -1.1426903009414673, 2.06500506401062]","[25.3125, -34.6875, -16.9375]","[1.1108497381210327, 0.2553242146968841, -1.2892922163009644]","[-19.9375, -56.3125, 5.375]","[-2.552000045776367, 0.7820000052452087, 1.40339994430542]","[1.051508545875549, -0.1537111401557922, -1.122840166091919]","[1.9780999422073364, 8.921599388122559, 3.558300018310547]",left,STOP
2024-03-19 10:33:03.500,"[1.4381778240203855, 7.2458696365356445, 5.027660846710205]","[-0.8029549717903137, -0.5567089915275574, -0.1600369960069656, 0.1404459923505783, -0.8986828923225403, -1.0142250061035156, 2.2717208862304688]","[20.375, -37.4375, -19.9375]","[0.7107329964637756, -0.3464653193950653, -1.295400857925415]","[-24.875, -59.0625, 2.375]","[-1.065400004386902, 2.55649995803833, -2.75249981880188]","[0.4333303570747375, -0.378335028886795, -1.7053786516189575]","[3.225600004196167, 8.326499938964844, 4.053800106048584]",right,START
2024-03-19 10:33:03.600,"[1.3226720094680786, -0.4570913910865783, 9.837142944335938]","[-0.8288159966468811, -0.5032749772071838, -0.2032780051231384, 0.1358460038900375, -0.8564064502716064, -0.8930944800376892, 2.3863370418548584]","[15.5625, -37.9375, -22.0625]","[0.7056889533996582, -0.2051459997892379, -1.230160355567932]","[-29.6875, -59.5625, 0.25]","[-9.194099426269531, 4.12369966506958, -7.405200004577637]","[0.6315299272537231, -0.973090887069702, -1.6617454290390017]","[4.02839994430542, 7.639499664306641, 4.645299911499023]",,
2024-03-19 10:33:03.700,"[12.592399597167969, 16.10686683654785, 10.745080947875977]","[-0.8488320112228394, -0.451335996389389, -0.2455749958753585, 0.1243840008974075, -0.8424741625785828, -0.7826004028320312, 2.485002040863037]","[11.0625, -38.6875, -22.5]","[0.6823015809059143, 0.6358758211135864, -1.136855125427246]","[-34.1875, -60.3125, -0.1875]","[-6.09660005569458, -10.828499794006348, 9.605799674987791]","[0.0557807236909866, -0.9562135338783264, -1.29472017288208]","[4.628499984741211, 6.914899826049805, 5.189499855041504]",,
2024-03-19 10:33:03.800,"[-11.163454055786133, 31.004796981811523, 2.123321771621704]","[-0.865693986415863, -0.4159289896488189, -0.2578159868717193, 0.105392999947071, -0.7977028489112854, -0.7285526990890503, 2.580636739730835]","[8.125, -39.1875, -24.375]","[0.190624862909317, 0.052848570048809, -0.7521496415138245]","[-37.125, -60.8125, -2.0625]","[-1.2759000062942505, 4.399699687957764, 10.596199989318848]","[0.8013679385185242, -0.4710643589496612, -0.7649428844451904]","[5.109899997711182, 6.529099941253662, 5.237199783325195]",,
2024-03-19 10:33:03.900,"[7.993980884552002, -1.042952537536621, 10.534391403198242]","[-0.8777830004692078, -0.3840720057487488, -0.273155003786087, 0.0858549997210502, -0.7760821580886841, -0.6781588792800903, 2.660221815109253]","[5.625, -39.75, -24.3125]","[-0.0522027984261512, 0.0570373609662056, -0.0203156322240829]","[-39.625, -61.375, -2.0]","[-4.181699752807617, -10.87119960784912, 7.344699859619141]","[-0.6231523752212524, 1.0079625844955444, -0.6903649568557739]","[5.449999809265137, 6.152299880981445, 5.349400043487549]",,
2024-03-19 10:33:04.000,"[4.522867202758789, 19.224145889282227, 4.393800735473633]","[-0.8764920234680176, -0.3814150094985962, -0.2837159931659698, 0.0760850012302398, -0.7920444011688232, -0.6756970882415771, 2.676718711853028]","[3.8125, -40.5, -22.875]","[0.1884955614805221, -0.3745825588703155, -0.4027347266674042]","[-41.4375, -62.125, -0.5625]","[-12.04419994354248, 4.010200023651123, -1.0698999166488647]","[0.1787217110395431, -0.3245439827442169, -0.7004355192184448]","[5.374499797821045, 6.133399963378906, 5.446499824523926]",,
2024-03-19 10:33:04.100,"[-3.5551023483276367, 11.986953735351562, 5.16597843170166]","[-0.8685219883918762, -0.3900139927864074, -0.3025429844856262, 0.0450059995055198, -0.8300163149833679, -0.7078989744186401, 2.715266227722168]","[4.9375, -41.0, -22.625]","[-0.5923647284507751, -0.3993662297725677, -0.191724419593811]","[-40.3125, -62.625, -0.3125]","[-4.662799835205078, 1.977099895477295, 3.006199836730957]","[-0.441847562789917, -0.8398698568344116, -0.0234223175793886]","[5.027899742126465, 6.376599788665772, 5.497900009155273]",,
2024-03-19 10:33:04.200,"[-0.554544985294342, 8.329111099243164, 5.93099308013916]","[-0.8568009734153748, -0.4099960029125213, -0.3121750056743622, 0.0184519998729228, -0.8648928999900818, -0.762939989566803, 2.7323708534240723]","[6.125, -41.8125, -20.25]","[-0.5375962853431702, -0.5777912735939026, 0.1890191584825515]","[-39.125, -63.4375, 2.0625]","[-5.179299831390381, 3.3743999004364014, -2.575899839401245]","[-0.5582435727119446, -0.4525289535522461, 0.1367116421461105]","[4.598299980163574, 6.77679967880249, 5.394399642944336]",,
2024-03-19 10:33:04.300,"[-2.009673595428467, 8.916667938232422, 1.786045789718628]","[-0.8348619937896729, -0.4392620027065277, -0.3316999971866607, 0.0053369998931884, -0.95638769865036, -0.8181840181350708, 2.6867144107818604]","[8.6875, -42.4375, -18.4375]","[-0.169925257563591, -0.57728511095047, 0.50108402967453]","[-36.5625, -64.0625, 3.875]","[-3.8521997928619385, 1.9296998977661133, -2.755599975585937]","[-0.2301391214132309, -0.4756196737289428, 0.5248903036117554]","[3.8641998767852783, 7.157899856567383, 5.477299690246582]",,
2024-03-19 10:33:04.400,"[-0.468861311674118, 6.863409996032715, 4.075515270233154]","[0.8039559721946716, 0.4814629852771759, 0.3489849865436554, 0.0075480001978576, -1.0844881534576416, -0.8937368988990784, 2.598234176635742]","[12.375, -41.9375, -16.0]","[-0.3265511095523834, -0.8204618096351624, 0.7555356025695801]","[-32.875, -63.5625, 6.3125]","[-4.730299949645996, 2.685299873352051, -4.428199768066406]","[-0.3148399293422699, -0.7268772721290588, 1.1299785375595093]","[2.8713998794555664, 7.643399715423584, 5.43149995803833]",right,STOP
2024-03-19 10:33:04.500,"[0.6348178386688232, 14.544143676757812, 4.893058776855469]","[0.7684029936790466, 0.5314239859580994, 0.3564079999923706, 0.0108340000733733, -1.2450474500656128, -0.969173550605774, 2.4472506046295166]","[17.3125, -41.1875, -14.25]","[-0.3632902801036834, -0.3891560733318329, 1.2270886898040771]","[-27.9375, -62.8125, 8.0625]","[-1.593400001525879, -0.4239999949932098, -1.0707999467849731]","[-0.0934100225567817, 0.2794446647167206, 1.4670714139938354]","[1.7760999202728271, 8.084699630737305, 5.258399963378906]",left,START
2024-03-19 10:33:04.600,"[-0.1752076894044876, 6.487070083618164, 4.801705360412598]","[-0.7267760038375854, -0.5891900062561035, -0.3529840111732483, 0.0072200000286102, -1.4628660678863523, -1.0184985399246216, 2.192595958709717]","[22.25, -38.6875, -12.125]","[0.0116064399480819, 0.0101403631269931, 1.4195111989974976]","[-23.0, -60.3125, 10.1875]","[0.4989999830722809, 1.7644000053405762, -1.5194000005722046]","[-1.2714025974273682, 0.4271344244480133, 1.0929425954818726]","[0.5541999936103821, 8.348599433898926, 5.114999771118164]",,
2024-03-19 10:33:04.700,"[-1.3597629070281982, 0.6692559719085693, 6.9063334465026855]","[0.6955509781837463, 0.634315013885498, 0.3373279869556427, 0.0078180003911256, -1.6409804821014404, -1.0922632217407229, 2.008467674255371]","[27.1875, -36.5625, -10.8125]","[-0.8106530904769897, -0.2839301526546478, 1.3319131135940552]","[-18.0625, -58.1875, 11.5]","[3.6449999809265137, -1.6597999334335327, 2.839900016784668]","[-0.7145552635192871, 0.1379333734512329, 1.1675031185150146]","[-0.3165999948978424, 8.705100059509277, 4.504499912261963]",,
2024-03-19 10:33:04.800,"[-8.088149070739746, 20.72437286376953, 9.469633102416992]","[-0.6744440197944641, -0.6787790060043335, -0.2904289960861206, 0.0057569998316466, -1.7927688360214231, -1.14875066280365, 1.7634986639022827]","[30.75, -34.4375, -7.9375]","[-0.7999891042709351, -0.1536587923765182, 1.4967769384384155]","[-14.5, -56.0625, 14.375]","[-2.6873998641967773, -6.453399658203125, 1.6825999021530151]","[-1.3295046091079712, -0.2228436321020126, 1.364079475402832]","[-0.8842999935150146, 8.946100234985352, 3.918399810791016]",,
2024-03-19 10:33:04.900,"[-4.909109592437744, 4.394997596740723, 7.157475471496582]","[0.6407489776611328, 0.7283750176429749, 0.2426140010356903, 0.0068129999563097, -2.1067888736724854, -1.2131317853927612, 1.3951973915100098]","[36.1875, -27.8125, -5.0]","[-1.3281432390213013, 1.4393556118011477, 1.9839332103729248]","[-9.0625, -49.4375, 17.3125]","[5.218199729919434, -10.42389965057373, 1.121399998664856]","[-0.0628318563103675, 1.07610023021698, -0.5698848962783813]","[-1.7531999349594116, 9.185999870300291, 2.951599836349488]",,
2024-03-19 10:33:05.000,"[-39.59882354736328, 38.21149444580078, -11.662233352661133]","[-0.6266270279884338, -0.7506589889526367, -0.2093490064144134, 0.0046080001629889, -2.2437307834625244, -1.2192374467849731, 1.1930040121078491]","[39.1875, -22.9375, -4.75]","[-0.1896474808454513, -1.166316270828247, 0.4834212958812713]","[-6.0625, -44.5625, 17.5625]","[7.803400039672852, -39.8760986328125, 7.075699806213379]","[0.6984633207321167, 2.433303117752075, -2.367067813873291]","[-2.10479998588562, 9.206799507141112, 2.6407999992370605]",,
2024-03-19 10:33:05.100,"[7.587273120880127, 0.1043010056018829, 17.117345809936523]","[-0.6081939935684204, -0.7681530117988586, -0.2000709921121597, 0.0033710000570863, -2.379055976867676, -1.2027254104614258, 1.0464378595352173]","[37.6875, -25.0, -5.5]","[1.8890222311019893, 0.6086661219596863, -4.637688636779785]","[-7.5625, -46.625, 16.8125]","[3.3237998485565186, 12.93809986114502, 10.509499549865724]","[0.1078438907861709, -0.3585953414440155, -1.5812159776687622]","[-2.551399946212769, 9.149799346923828, 2.437299966812134]",,
2024-03-19 10:33:05.200,"[-0.876354455947876, 11.611044883728027, 4.13607931137085]","[0.6305980086326599, 0.7499129772186279, 0.199874997138977, 0.0049290000461041, -2.267296314239502, -1.246131181716919, 1.1688427925109863]","[36.3125, -27.0625, -4.125]","[-0.328296422958374, 0.48509681224823, -0.3253642916679382]","[-8.9375, -48.6875, 18.1875]","[12.490599632263184, -10.226999282836914, 10.146599769592283]","[-0.3445105254650116, -0.2474004179239273, 0.6076887249946594]","[-2.006799936294556, 9.294300079345703, 2.399499893188477]",,
2024-03-19 10:33:05.300,"[-6.281303405761719, 13.76906394958496, 3.718099355697632]","[-0.6451020240783691, -0.7407709956169128, -0.1859930008649826, 0.0225280001759529, -2.1183485984802246, -1.244904637336731, 1.258056402206421]","[35.875, -27.375, -8.0625]","[-0.0409454256296157, 0.0719424709677696, 0.7691317200660706]","[-9.375, -49.0, 14.25]","[4.508599758148193, -7.254499912261963, 3.1140999794006348]","[0.4159817695617676, 0.2618866562843323, -0.4111646711826324]","[-1.6344000101089478, 9.290399551391602, 2.6805999279022217]",,
2024-03-19 10:33:05.400,"[-4.007386207580566, 11.55170726776123, 3.853505849838257]","[-0.6783739924430847, -0.7108740210533142, -0.1758500039577484, 0.0595160014927387, -1.791551113128662, -1.2331745624542236, 1.517120599746704]","[31.3125, -30.875, -12.0625]","[0.5380675792694092, 0.719075620174408, -0.5956982970237732]","[-13.9375, -52.5, 10.25]","[-0.7913999557495117, -1.3140000104904177, 0.0846999958157539]","[0.133639857172966, 0.6337639689445496, -1.5871500968933103]","[-0.7112999558448792, 9.252999305725098, 3.1694998741149902]",,
2024-03-19 10:33:05.500,"[0.8525081872940063, 17.6298770904541, -6.801591873168945]","[-0.7414190173149109, -0.6448490023612976, -0.1717250049114227, 0.0705500021576881, -1.2643526792526243, -1.19982647895813, 2.022944927215576]","[25.25, -36.3125, -14.25]","[0.0696909949183464, 0.7679099440574646, -1.9947541952133176]","[-20.0, -57.9375, 8.0625]","[-1.9948999881744385, 3.351099967956543, 1.8044999837875368]","[0.3665889501571655, 0.4031535983085632, -0.4310614168643951]","[1.0723999738693235, 9.13949966430664, 3.389400005340576]",left,STOP
2024-03-19 10:33:05.600,"[-3.3875558376312256, 2.377135753631592, 3.446166038513184]","[-0.7942349910736084, -0.5773810148239136, -0.1785700023174286, 0.0627190023660659, -0.9229438900947572, -1.1078776121139526, 2.387171745300293]","[18.9375, -39.375, -15.9375]","[0.5893453359603882, 0.5685584545135498, -1.849577784538269]","[-26.3125, -61.0, 6.375]","[-1.034600019454956, 0.2169999927282333, 0.1409000009298324]","[0.5407029986381531, 0.2404016554355621, -1.2520643472671509]","[2.642699956893921, 8.774499893188477, 3.4918999671936035]",right,START
2024-03-19 10:33:05.700,"[-2.048584222793579, 20.92368507385254, -3.252819776535034]","[-0.8361200094223022, -0.50621098279953, -0.1969909965991974, 0.0764639973640441, -0.7816515564918518, -0.955116093158722, 2.53903603553772]","[12.375, -41.0625, -19.125]","[0.4699299037456512, 0.7000166773796082, -1.304546356201172]","[-32.875, -62.6875, 3.1875]","[-9.326000213623049, -1.27020001411438, -3.73829984664917]","[0.9419192671775818, -1.0329033136367798, -2.1665992736816406]","[4.019599914550781, 8.005899429321289, 3.9895999431610094]",,
2024-03-19 10:33:05.800,"[5.248539924621582, 14.029590606689451, 9.04054355621338]","[-0.8741729855537415, -0.417163997888565, -0.239994004368782, 0.0647829994559288, -0.7230173349380493, -0.7729526162147522, 2.688289165496826]","[6.0625, -41.375, -20.5]","[0.5244539976119995, -0.023719023913145, -0.7469485402107239]","[-39.1875, -63.0, 1.8125]","[-4.744800090789795, 12.829699516296388, -1.198099970817566]","[0.3168121576309204, -0.097302109003067, -1.20139741897583]","[5.263700008392334, 6.847499847412109, 4.644799709320068]",,
2024-03-19 10:33:05.900,"[-9.201759338378906, 15.429605484008787, -0.2587557435035705]","[-0.8882730007171631, -0.382425993680954, -0.2469509989023208, 0.0611190013587474, -0.6922376751899719, -0.7065460681915283, 2.7397825717926025]","[3.75, -41.1875, -21.5625]","[0.0247487686574459, -0.1670803725719452, -0.879000186920166]","[-41.5, -62.8125, 0.75]","[-13.538399696350098, 7.935499668121338, -8.55989933013916]","[0.3562391400337219, 0.5580864548683167, -0.1516167521476745]","[5.741999626159668, 6.366499900817871, 4.760799884796143]",,
2024-03-19 10:33:06.000,"[-0.3438169658184051, 11.525495529174805, 2.9771323204040527]","[-0.8978559970855713, -0.3594279885292053, -0.2468730062246322, 0.0609759986400604, -0.6661834120750427, -0.6627950072288513, 2.7689919471740723]","[1.4375, -41.8125, -20.9375]","[0.0054454272612929, -0.770283579826355, -0.8137248754501343]","[-43.8125, -63.4375, 1.375]","[-10.142999649047852, 3.871799945831299, 3.0814998149871826]","[-0.3033382296562195, -0.3425906896591186, -0.8171282410621643]","[6.077399730682373, 6.0341997146606445, 4.777199745178223]",,
2024-03-19 10:33:06.100,"[-5.455169200897217, 3.7203211784362793, 10.699869155883787]","[-0.8967199921607971, -0.3377200067043304, -0.2840299904346466, 0.0341259986162185, -0.717171311378479, -0.6264776587486267, 2.823907852172852]","[1.5625, -42.125, -20.5625]","[-0.4334874153137207, -0.4113915562629699, 0.5429893732070923]","[-43.6875, -63.75, 1.75]","[-7.104699611663818, 18.089399337768555, -5.745599746704102]","[-0.1380555480718612, 0.156137153506279, 0.2350260317325592]","[5.987299919128418, 5.749499797821045, 5.221399784088135]",,
2024-03-19 10:33:06.200,"[-1.4455997943878174, 7.058001518249512, 8.038570404052734]","[-0.8915770053863525, -0.3497650027275085, -0.2870649993419647, 0.0186519995331764, -0.7266663908958435, -0.6598219871520996, 2.840824842453003]","[2.6875, -43.4375, -18.0]","[-0.906279683113098, -0.9155997037887572, -0.2271371483802795]","[-42.5625, -65.0625, 4.3125]","[-5.062999725341797, 5.370599746704102, 0.2967000007629394]","[-0.888232946395874, -0.932389795780182, -0.190642312169075]","[5.790899753570557, 6.011199951171875, 5.147799968719482]",,
2024-03-19 10:33:06.300,"[2.393167495727539, 12.64418125152588, 3.4941649436950684]","[0.8785229921340942, 0.3587679862976074, 0.3131589889526367, 0.0375799983739852, -0.7637466788291931, -0.7127395868301392, 2.9302966594696045]","[3.4375, -44.75, -14.875]","[-0.2333505153656005, -0.3711791634559631, 0.4756196737289428]","[-41.8125, -66.375, 7.4375]","[-2.948899984359741, 2.5197999477386475, 1.25409996509552]","[-0.4231201708316803, -0.3337069451808929, 0.578803539276123]","[5.358599662780762, 6.412600040435791, 5.131499767303467]",,
2024-03-19 10:33:06.400,"[-1.0751594305038452, 13.90070629119873, -1.9969078302383425]","[0.8576909899711609, 0.3864260017871856, 0.3349390029907226, 0.0534280017018318, -0.841045081615448, -0.7735207080841064, 2.9056994915008545]","[6.4375, -45.4375, -12.6875]","[-0.4091226160526275, -0.8350527882575989, 0.5947034955024719]","[-38.8125, -67.0625, 9.625]","[-8.853799819946289, 1.4743999242782593, 2.161099910736084]","[-0.5349783301353455, -0.2941403388977051, 0.7703359723091125]","[4.677499771118164, 6.851500034332275, 5.229399681091309]",,
2024-03-19 10:33:06.500,"[0.5527349710464478, 6.904197692871094, 5.371017932891846]","[0.8294270038604736, 0.4281849861145019, 0.3527140021324157, 0.0655760020017623, -0.9422293305397034, -0.8580296635627747, 2.8415541648864746]","[12.25, -43.875, -11.6875]","[-0.2043606042861938, -0.5936388373374939, 1.4673681259155271]","[-33.0, -65.5, 10.625]","[-1.430299997329712, 2.577299833297729, -1.0835000276565552]","[-0.1304109990596771, -0.5328839421272278, 1.3686697483062744]","[3.770599842071533, 7.41919994354248, 5.187099933624268]",right,STOP
2024-03-19 10:33:06.600,"[-1.6381511688232422, 9.205265045166016, 1.822092890739441]","[0.7876229882240295, 0.489107996225357, 0.3695989847183227, 0.0617970004677772, -1.1265592575073242, -0.9547089338302612, 2.666724681854248]","[18.125, -42.1875, -8.75]","[-0.5784021019935608, -0.2444508075714111, 1.2408941984176636]","[-27.125, -63.8125, 13.5625]","[-5.089200019836426, -3.158499956130981, -1.1330000162124634]","[-0.6323851346969604, -0.0977558940649032, 1.3980262279510498]","[2.435299873352051, 8.003600120544434, 5.116699695587158]",left,START
2024-03-19 10:33:06.700,"[1.6352301836013794, 8.310599327087402, 7.985131740570068]","[0.7390879988670349, 0.5564429759979248, 0.3739069998264313, 0.0656569972634315, -1.3629918098449707, -1.0584973096847534, 2.432799816131592]","[24.75, -39.125, -6.125]","[-0.3689800500869751, -0.7494967579841614, 1.4067178964614868]","[-20.5, -60.75, 16.1875]","[-2.384899854660034, 1.6157000064849854, 0.8246999979019165]","[-0.2742784917354584, -0.1863662600517273, 1.0511595010757446]","[0.991699993610382, 8.547599792480469, 4.703499794006348]",,
2024-03-19 10:33:06.800,"[-0.4103566110134125, 10.396763801574709, 5.3556952476501465]","[0.6931759715080261, 0.6192299723625183, 0.3650450110435486, 0.0529320016503334, -1.6464862823486328, -1.1131973266601562, 2.1117491722106934]","[29.9375, -35.25, -4.0]","[-0.5567251443862915, 0.2567728459835052, 1.721627712249756]","[-15.3125, -56.875, 18.3125]","[1.3186999559402466, -2.602299928665161, 2.3914999961853027]","[-0.4121071398258209, 0.2362303137779235, 1.4138039350509644]","[-0.3276000022888183, 8.797699928283691, 4.319999694824219]",,
2024-03-19 10:33:06.900,"[-2.93237042427063, 16.700801849365234, 5.47963809967041]","[0.6571409702301025, 0.6737520098686218, 0.3355059921741485, 0.0407220013439655, -1.9025832414627075, -1.1501495838165283, 1.790002465248108]","[33.75, -30.875, -2.9375]","[-0.4630533158779144, 0.3718598484992981, 0.0601964071393013]","[-11.5, -52.5, 19.375]","[-3.680699825286865, 1.197700023651123, 7.660399913787842]","[-0.5675635933876038, 0.963072657585144, 0.7800225615501404]","[-1.3043999671936035, 8.951700210571289, 3.786099910736084]",,
2024-03-19 10:33:07.000,"[3.89043402671814, 4.830445766448975, 5.759568214416504]","[0.6313639879226685, 0.7126330137252808, 0.3027699887752533, 0.0431579984724521, -2.126089572906494, -1.183664083480835, 1.5193350315093994]","[34.75, -29.625, -1.625]","[-0.7660075426101685, -0.166347324848175, 0.7679623365402222]","[-10.5, -51.25, 20.6875]","[6.774999618530273, -1.13319993019104, 1.2781000137329102]","[-0.872786819934845, -0.4968254268169403, 0.1493129134178161]","[-1.951799988746643, 9.080900192260742, 3.1459999084472656]",,
2024-03-19 10:33:07.100,"[3.8178131580352783, 3.885425567626953, 8.133639335632324]","[0.6246659755706787, 0.7265340089797974, 0.2825239896774292, 0.0460410006344318, -2.216070890426636, -1.2046042680740356, 1.4025872945785522]","[35.6875, -28.6875, -2.3125]","[0.2731440365314483, -0.0049392818473279, 1.1879234313964844]","[-9.5625, -50.3125, 20.0]","[0.9812999963760376, 8.843299865722656, 1.9538999795913696]","[-0.1233773231506347, -0.4193328022956848, 0.0681027472019195]","[-2.111799955368042, 9.156399726867676, 2.805299997329712]",,
2024-03-19 10:33:07.200,"[-0.4620521962642669, 5.590336322784424, 7.095934867858887]","[0.635109007358551, 0.716139018535614, 0.2883979976177215, 0.0246249996125698, -2.096477508544922, -1.1780365705490112, 1.5003857612609863]","[35.0625, -29.6875, -3.9375]","[0.0890467017889022, 1.055871844291687, -0.0845611989498138]","[-10.1875, -51.3125, 18.375]","[2.2943999767303467, -6.458999633789063, 2.816999912261963]","[0.2774026393890381, 0.8740085363388062, -0.0940732434391975]","[-1.8833999633789065, 9.05989933013916, 3.246500015258789]",,
2024-03-19 10:33:07.300,"[-1.820005178451538, 10.80833625793457, 4.5186920166015625]","[-0.6482269763946533, -0.7113000154495239, -0.2717390060424804, 0.0032249998766928, -1.9912739992141724, -1.1691406965255735, 1.540302276611328]","[34.25, -30.1875, -7.375]","[-0.1778839528560638, 0.5569519996643066, -0.540929913520813]","[-11.0, -51.8125, 14.9375]","[-1.8590999841690063, 1.0217000246047974, 2.273200035095215]","[-0.0719948336482048, 0.5608091950416565, -0.5176472067832947]","[-1.5648999214172363, 9.026199340820312, 3.499799966812134]",,
2024-03-19 10:33:07.400,"[-1.5315325260162354, 7.965662002563477, 4.827783107757568]","[-0.6776329874992371, -0.69200199842453, -0.248430997133255, 0.0150729995220899, -1.7940276861190796, -1.1953868865966797, 1.6850745677947998]","[31.875, -32.875, -8.5625]","[-0.0543670058250427, 0.3604977428913116, -0.9041329026222228]","[-13.375, -54.5, 13.75]","[0.0502000004053115, -0.9536999464035034, 0.6549999713897705]","[-0.0452912934124469, 0.3853163421154022, -0.8920552134513855]","[-0.7960000038146973, 9.123700141906738, 3.50629997253418]",,
2024-03-19 10:33:07.500,"[1.348548412322998, 8.694514274597168, 5.409813404083252]","[-0.7133359909057617, -0.6601110100746155, -0.2350810021162033, 0.0119049996137619, -1.5196285247802734, -1.2115572690963743, 1.9441328048706048]","[27.6875, -34.8125, -9.75]","[-0.0091978851705789, 0.1694016605615615, -0.7668627500534058]","[-17.5625, -56.4375, 12.5625]","[0.9549999833106996, -0.0318999998271465, 2.324699878692627]","[0.0378387384116649, 0.291522353887558, -0.6951122879981995]","[0.1762999892234802, 9.1806001663208, 3.443099975585937]",,
2024-03-19 10:33:07.600,"[-2.9236459732055664, 10.241580963134766, 2.1978578567504883]","[0.7343080043792725, 0.6371709704399109, 0.2340999990701675, 7.40000032237e-05, -1.3464758396148682, -1.2105048894882202, 2.1333353519439697]","[25.75, -37.5625, -9.875]","[-0.0100880032405257, 0.1925272643566131, -0.2649933397769928]","[-19.5, -59.1875, 12.4375]","[-1.5476999282836914, -4.601500034332275, 5.316400051116943]","[0.0406661704182624, 0.2034181207418441, -0.2777167856693268]","[0.7689999938011169, 9.17710018157959, 3.370299816131592]",left,STOP
